/*
Navicat MySQL Data Transfer

Source Server         : MySql
Source Server Version : 50611
Source Host           : localhost:3306
Source Database       : gtms

Target Server Type    : MYSQL
Target Server Version : 50611
File Encoding         : 65001

Date: 2014-05-14 22:33:08
*/

SET FOREIGN_KEY_CHECKS=0;

-- ----------------------------
-- Table structure for act_ge_bytearray
-- ----------------------------
DROP TABLE IF EXISTS `act_ge_bytearray`;
CREATE TABLE `act_ge_bytearray` (
  `ID_` varchar(64) COLLATE utf8_bin NOT NULL DEFAULT '',
  `REV_` int(11) DEFAULT NULL,
  `NAME_` varchar(255) COLLATE utf8_bin DEFAULT NULL,
  `DEPLOYMENT_ID_` varchar(64) COLLATE utf8_bin DEFAULT NULL,
  `BYTES_` longblob,
  `GENERATED_` tinyint(4) DEFAULT NULL,
  PRIMARY KEY (`ID_`),
  KEY `ACT_FK_BYTEARR_DEPL` (`DEPLOYMENT_ID_`),
  CONSTRAINT `ACT_FK_BYTEARR_DEPL` FOREIGN KEY (`DEPLOYMENT_ID_`) REFERENCES `act_re_deployment` (`ID_`)
) ENGINE=InnoDB DEFAULT CHARSET=utf8 COLLATE=utf8_bin;

-- ----------------------------
-- Records of act_ge_bytearray
-- ----------------------------
INSERT INTO `act_ge_bytearray` VALUES ('10', '1', 'thesisProposal.bpmn', '9', 0x3C3F786D6C2076657273696F6E3D22312E302220656E636F64696E673D225554462D38223F3E0A3C646566696E6974696F6E7320786D6C6E733D22687474703A2F2F7777772E6F6D672E6F72672F737065632F42504D4E2F32303130303532342F4D4F44454C2220786D6C6E733A7873693D22687474703A2F2F7777772E77332E6F72672F323030312F584D4C536368656D612D696E7374616E63652220786D6C6E733A61637469766974693D22687474703A2F2F61637469766974692E6F72672F62706D6E2220786D6C6E733A62706D6E64693D22687474703A2F2F7777772E6F6D672E6F72672F737065632F42504D4E2F32303130303532342F44492220786D6C6E733A6F6D6764633D22687474703A2F2F7777772E6F6D672E6F72672F737065632F44442F32303130303532342F44432220786D6C6E733A6F6D6764693D22687474703A2F2F7777772E6F6D672E6F72672F737065632F44442F32303130303532342F44492220747970654C616E67756167653D22687474703A2F2F7777772E77332E6F72672F323030312F584D4C536368656D61222065787072657373696F6E4C616E67756167653D22687474703A2F2F7777772E77332E6F72672F313939392F585061746822207461726765744E616D6573706163653D22687474703A2F2F7777772E61637469766974692E6F72672F74657374223E0A20203C70726F636573732069643D2274686573697350726F706F73616C22206E616D653D22E5BC80E9A298E68AA5E5918AE5AEA1E689B9E6B581E7A88B2220697345786563757461626C653D2274727565223E0A202020203C73746172744576656E742069643D2273746172746576656E743122206E616D653D225374617274223E3C2F73746172744576656E743E0A202020203C757365725461736B2069643D22757365727461736B3122206E616D653D22E68F90E4BAA4E794B3E8AFB7222061637469766974693A63616E64696461746555736572733D22247B6D6F64656C2E757365722E757365724E616D657D223E0A2020202020203C646F63756D656E746174696F6E3E2F70726F636573732F74686573697350726F706F73616C2F72657175657374466F726D2E6A73703C2F646F63756D656E746174696F6E3E0A202020203C2F757365725461736B3E0A202020203C73657175656E6365466C6F772069643D22666C6F77312220736F757263655265663D2273746172746576656E743122207461726765745265663D22757365727461736B31223E3C2F73657175656E6365466C6F773E0A202020203C757365725461736B2069643D22757365727461736B3222206E616D653D22E68C87E5AFBCE88081E5B888223E0A2020202020203C646F63756D656E746174696F6E3E2F70726F636573732F74686573697350726F706F73616C2F726561646F6E6C79466F726D2E6A73703C2F646F63756D656E746174696F6E3E0A2020202020203C657874656E73696F6E456C656D656E74733E0A20202020202020203C61637469766974693A7461736B4C697374656E6572206576656E743D22637265617465222064656C656761746545787072657373696F6E3D22247B7475746F724C697374656E65727D223E3C2F61637469766974693A7461736B4C697374656E65723E0A2020202020203C2F657874656E73696F6E456C656D656E74733E0A202020203C2F757365725461736B3E0A202020203C73657175656E6365466C6F772069643D22666C6F773222206E616D653D22E68F90E4BAA42220736F757263655265663D22757365727461736B3122207461726765745265663D22757365727461736B32223E3C2F73657175656E6365466C6F773E0A202020203C757365725461736B2069643D22757365727461736B3322206E616D653D22E5B7A5E4BD9CE5B08FE7BB84223E0A2020202020203C646F63756D656E746174696F6E3E2F70726F636573732F74686573697350726F706F73616C2F726561646F6E6C79466F726D2E6A73703C2F646F63756D656E746174696F6E3E0A2020202020203C657874656E73696F6E456C656D656E74733E0A20202020202020203C61637469766974693A7461736B4C697374656E6572206576656E743D22637265617465222064656C656761746545787072657373696F6E3D22247B776F726B67726F75704C697374656E65727D223E3C2F61637469766974693A7461736B4C697374656E65723E0A2020202020203C2F657874656E73696F6E456C656D656E74733E0A202020203C2F757365725461736B3E0A202020203C73657175656E6365466C6F772069643D22666C6F773322206E616D653D22E9809AE8BF872220736F757263655265663D22757365727461736B3222207461726765745265663D22757365727461736B33223E0A2020202020203C636F6E646974696F6E45787072657373696F6E207873693A747970653D2274466F726D616C45787072657373696F6E223E3C215B43444154415B247B7472616E736974696F6E3D3D27E9809AE8BF87277D5D5D3E3C2F636F6E646974696F6E45787072657373696F6E3E0A202020203C2F73657175656E6365466C6F773E0A202020203C73657175656E6365466C6F772069643D22666C6F773422206E616D653D22E9A9B3E59B9E2220736F757263655265663D22757365727461736B3222207461726765745265663D22757365727461736B31223E0A2020202020203C636F6E646974696F6E45787072657373696F6E207873693A747970653D2274466F726D616C45787072657373696F6E223E3C215B43444154415B247B7472616E736974696F6E3D3D27E9A9B3E59B9E277D5D5D3E3C2F636F6E646974696F6E45787072657373696F6E3E0A202020203C2F73657175656E6365466C6F773E0A202020203C73657175656E6365466C6F772069643D22666C6F773522206E616D653D22E9A9B3E59B9E2220736F757263655265663D22757365727461736B3322207461726765745265663D22757365727461736B31223E0A2020202020203C636F6E646974696F6E45787072657373696F6E207873693A747970653D2274466F726D616C45787072657373696F6E223E3C215B43444154415B247B7472616E736974696F6E3D3D27E9A9B3E59B9E277D5D5D3E3C2F636F6E646974696F6E45787072657373696F6E3E0A202020203C2F73657175656E6365466C6F773E0A202020203C736572766963655461736B2069643D22736572766963657461736B3122206E616D653D22E5AEA1E689B9E68890E58A9F222061637469766974693A64656C656761746545787072657373696F6E3D22247B75706461746553756363657373537461747573536572766963657D223E3C2F736572766963655461736B3E0A202020203C73657175656E6365466C6F772069643D22666C6F773622206E616D653D22E5AEA1E689B9E68890E58A9F2220736F757263655265663D22757365727461736B3322207461726765745265663D22736572766963657461736B31223E0A2020202020203C636F6E646974696F6E45787072657373696F6E207873693A747970653D2274466F726D616C45787072657373696F6E223E3C215B43444154415B247B7472616E736974696F6E3D3D27E5AEA1E689B9E68890E58A9F277D5D5D3E3C2F636F6E646974696F6E45787072657373696F6E3E0A202020203C2F73657175656E6365466C6F773E0A202020203C656E644576656E742069643D22656E646576656E743222206E616D653D22456E64223E3C2F656E644576656E743E0A202020203C73657175656E6365466C6F772069643D22666C6F77392220736F757263655265663D22736572766963657461736B3122207461726765745265663D22656E646576656E7432223E3C2F73657175656E6365466C6F773E0A20203C2F70726F636573733E0A20203C62706D6E64693A42504D4E4469616772616D2069643D2242504D4E4469616772616D5F74686573697350726F706F73616C223E0A202020203C62706D6E64693A42504D4E506C616E652062706D6E456C656D656E743D2274686573697350726F706F73616C222069643D2242504D4E506C616E655F74686573697350726F706F73616C223E0A2020202020203C62706D6E64693A42504D4E53686170652062706D6E456C656D656E743D2273746172746576656E7431222069643D2242504D4E53686170655F73746172746576656E7431223E0A20202020202020203C6F6D6764633A426F756E6473206865696768743D2233352E30222077696474683D2233352E302220783D2234302E302220793D223135302E30223E3C2F6F6D6764633A426F756E64733E0A2020202020203C2F62706D6E64693A42504D4E53686170653E0A2020202020203C62706D6E64693A42504D4E53686170652062706D6E456C656D656E743D22757365727461736B31222069643D2242504D4E53686170655F757365727461736B31223E0A20202020202020203C6F6D6764633A426F756E6473206865696768743D2235352E30222077696474683D223130352E302220783D223132302E302220793D223134302E30223E3C2F6F6D6764633A426F756E64733E0A2020202020203C2F62706D6E64693A42504D4E53686170653E0A2020202020203C62706D6E64693A42504D4E53686170652062706D6E456C656D656E743D22757365727461736B32222069643D2242504D4E53686170655F757365727461736B32223E0A20202020202020203C6F6D6764633A426F756E6473206865696768743D2235352E30222077696474683D223130352E302220783D223239302E302220793D223134302E30223E3C2F6F6D6764633A426F756E64733E0A2020202020203C2F62706D6E64693A42504D4E53686170653E0A2020202020203C62706D6E64693A42504D4E53686170652062706D6E456C656D656E743D22757365727461736B33222069643D2242504D4E53686170655F757365727461736B33223E0A20202020202020203C6F6D6764633A426F756E6473206865696768743D2235352E30222077696474683D223130352E302220783D223435302E302220793D223134302E30223E3C2F6F6D6764633A426F756E64733E0A2020202020203C2F62706D6E64693A42504D4E53686170653E0A2020202020203C62706D6E64693A42504D4E53686170652062706D6E456C656D656E743D22736572766963657461736B31222069643D2242504D4E53686170655F736572766963657461736B31223E0A20202020202020203C6F6D6764633A426F756E6473206865696768743D2235352E30222077696474683D223130352E302220783D223435302E302220793D223232392E30223E3C2F6F6D6764633A426F756E64733E0A2020202020203C2F62706D6E64693A42504D4E53686170653E0A2020202020203C62706D6E64693A42504D4E53686170652062706D6E456C656D656E743D22656E646576656E7432222069643D2242504D4E53686170655F656E646576656E7432223E0A20202020202020203C6F6D6764633A426F756E6473206865696768743D2233352E30222077696474683D2233352E302220783D223630302E302220793D223233392E30223E3C2F6F6D6764633A426F756E64733E0A2020202020203C2F62706D6E64693A42504D4E53686170653E0A2020202020203C62706D6E64693A42504D4E456467652062706D6E456C656D656E743D22666C6F7731222069643D2242504D4E456467655F666C6F7731223E0A20202020202020203C6F6D6764693A776179706F696E7420783D2237352E302220793D223136372E30223E3C2F6F6D6764693A776179706F696E743E0A20202020202020203C6F6D6764693A776179706F696E7420783D223132302E302220793D223136372E30223E3C2F6F6D6764693A776179706F696E743E0A2020202020203C2F62706D6E64693A42504D4E456467653E0A2020202020203C62706D6E64693A42504D4E456467652062706D6E456C656D656E743D22666C6F7732222069643D2242504D4E456467655F666C6F7732223E0A20202020202020203C6F6D6764693A776179706F696E7420783D223232352E302220793D223136372E30223E3C2F6F6D6764693A776179706F696E743E0A20202020202020203C6F6D6764693A776179706F696E7420783D223239302E302220793D223136372E30223E3C2F6F6D6764693A776179706F696E743E0A20202020202020203C62706D6E64693A42504D4E4C6162656C3E0A202020202020202020203C6F6D6764633A426F756E6473206865696768743D2231342E30222077696474683D2232342E302220783D223233392E302220793D223136372E30223E3C2F6F6D6764633A426F756E64733E0A20202020202020203C2F62706D6E64693A42504D4E4C6162656C3E0A2020202020203C2F62706D6E64693A42504D4E456467653E0A2020202020203C62706D6E64693A42504D4E456467652062706D6E456C656D656E743D22666C6F7733222069643D2242504D4E456467655F666C6F7733223E0A20202020202020203C6F6D6764693A776179706F696E7420783D223339352E302220793D223136372E30223E3C2F6F6D6764693A776179706F696E743E0A20202020202020203C6F6D6764693A776179706F696E7420783D223435302E302220793D223136372E30223E3C2F6F6D6764693A776179706F696E743E0A20202020202020203C62706D6E64693A42504D4E4C6162656C3E0A202020202020202020203C6F6D6764633A426F756E6473206865696768743D2231342E30222077696474683D2232342E302220783D223430352E302220793D223136372E30223E3C2F6F6D6764633A426F756E64733E0A20202020202020203C2F62706D6E64693A42504D4E4C6162656C3E0A2020202020203C2F62706D6E64693A42504D4E456467653E0A2020202020203C62706D6E64693A42504D4E456467652062706D6E456C656D656E743D22666C6F7734222069643D2242504D4E456467655F666C6F7734223E0A20202020202020203C6F6D6764693A776179706F696E7420783D223334322E302220793D223134302E30223E3C2F6F6D6764693A776179706F696E743E0A20202020202020203C6F6D6764693A776179706F696E7420783D223236372E302220793D223130392E30223E3C2F6F6D6764693A776179706F696E743E0A20202020202020203C6F6D6764693A776179706F696E7420783D223137322E302220793D223134302E30223E3C2F6F6D6764693A776179706F696E743E0A20202020202020203C62706D6E64693A42504D4E4C6162656C3E0A202020202020202020203C6F6D6764633A426F756E6473206865696768743D2231342E30222077696474683D2232342E302220783D223238362E302220793D223130312E30223E3C2F6F6D6764633A426F756E64733E0A20202020202020203C2F62706D6E64693A42504D4E4C6162656C3E0A2020202020203C2F62706D6E64693A42504D4E456467653E0A2020202020203C62706D6E64693A42504D4E456467652062706D6E456C656D656E743D22666C6F7735222069643D2242504D4E456467655F666C6F7735223E0A20202020202020203C6F6D6764693A776179706F696E7420783D223530322E302220793D223139352E30223E3C2F6F6D6764693A776179706F696E743E0A20202020202020203C6F6D6764693A776179706F696E7420783D223333382E302220793D223232352E30223E3C2F6F6D6764693A776179706F696E743E0A20202020202020203C6F6D6764693A776179706F696E7420783D223137322E302220793D223139352E30223E3C2F6F6D6764693A776179706F696E743E0A20202020202020203C62706D6E64693A42504D4E4C6162656C3E0A202020202020202020203C6F6D6764633A426F756E6473206865696768743D2231342E30222077696474683D223130302E302220783D223337302E302220793D223233382E30223E3C2F6F6D6764633A426F756E64733E0A20202020202020203C2F62706D6E64693A42504D4E4C6162656C3E0A2020202020203C2F62706D6E64693A42504D4E456467653E0A2020202020203C62706D6E64693A42504D4E456467652062706D6E456C656D656E743D22666C6F7736222069643D2242504D4E456467655F666C6F7736223E0A20202020202020203C6F6D6764693A776179706F696E7420783D223530322E302220793D223139352E30223E3C2F6F6D6764693A776179706F696E743E0A20202020202020203C6F6D6764693A776179706F696E7420783D223530322E302220793D223232392E30223E3C2F6F6D6764693A776179706F696E743E0A20202020202020203C62706D6E64693A42504D4E4C6162656C3E0A202020202020202020203C6F6D6764633A426F756E6473206865696768743D2231342E30222077696474683D2234382E302220783D223531382E302220793D223139392E30223E3C2F6F6D6764633A426F756E64733E0A20202020202020203C2F62706D6E64693A42504D4E4C6162656C3E0A2020202020203C2F62706D6E64693A42504D4E456467653E0A2020202020203C62706D6E64693A42504D4E456467652062706D6E456C656D656E743D22666C6F7739222069643D2242504D4E456467655F666C6F7739223E0A20202020202020203C6F6D6764693A776179706F696E7420783D223535352E302220793D223235362E30223E3C2F6F6D6764693A776179706F696E743E0A20202020202020203C6F6D6764693A776179706F696E7420783D223630302E302220793D223235362E30223E3C2F6F6D6764693A776179706F696E743E0A2020202020203C2F62706D6E64693A42504D4E456467653E0A202020203C2F62706D6E64693A42504D4E506C616E653E0A20203C2F62706D6E64693A42504D4E4469616772616D3E0A3C2F646566696E6974696F6E733E, '0');
INSERT INTO `act_ge_bytearray` VALUES ('11', '1', 'thesisProposal.thesisProposal.png', '9', 0x89504E470D0A1A0A0000000D4948445200000262000000BE08060000009635639B00002D814944415478DAED9D0D585555DAF7F7E32799BD9A9932BE5464F6684F357D1951DA9316A5A54E56E6308E39548EAF9339E2474D9953148E35D14440688A8A95A15986A48486724C0D145144443424F113039408F108075CEFBAD75E7B7B0E1C3E2CCE397B1FFEBFEBFA5FACBDCFFE629F7BAFFD3F6BAD7D6F4501000000000000000000000000000000000000000000000000000000000000000000000000000000000000000000000000C0AFA53BD740AE2176F2C7690100000000708DF19ACCF505D731AE7CAEB55CF15254DECA55CC95C215C6D50FA70D00000000E0D733806B81345EF43788AB6B13CBFB700DE68A90868D0CDA109C46000000008096E3CB15C355C035AB19F3D514C315B5A58C0C195AC800000000009A613CD76145ED8AECD04ADB1C2DB719D68ADB0400000000F01AA8C58AC677252A6A8B586B43E3CCA8952D5B51BB3C010000000080A2763FD298AE898AEB5BAC82E5BEC6E0B403000000A02D43292832B85670F9B971BFD422962FF7DB155F0300000000DA12F474E3DB8A9A6E628C078F819EC4A4AE4A0CE407000000409B805AC172A511EB6E80E3192D0D6108BE1A00000000782BD40518294DD810831D1B7555D25395D45589A72A01000000E0555092D57C69C48C3A268B5AE728733F9EAA04000000805740A62B4E5107E40F34C931D3939BA58A9A0C1600000000C0949091A1CCF8AF28EAC078334183F7B3E5B1030000000098064AC64A63ADE8D542B798F8FFA0D6BC14F97FF8E36B0500000080D1D192A55282566F19F41E2AFFA7407CBD000000003022FECAC5D713F979E1FF77BBA23E6C3047C15395000000003010218A3A162CC4CBFFCFEED268AEE3EA89AF1D00000000AEC25F693ECD04A578B0286A4B585B3226EF8C1933867DFEF9E7B5F1F1F1273EF8E0835D73E7CEFD7AFAF4E9513366CC983576ECD8618A6B5E5A0E0000008036C25A45ED86730675CDD1B829EAAA1BA3B4C1AEBA3BEFBC33CB66B3B1C6A0CF727373D935D75C730342090000000097420817E3B229EAD8287B2817D84E457D4763F7367C8EC6646767FFCC9A61D2A449AB104E00000000682964AE4AA51123A5CAF9D4EA4539B5682CD8489C26A5EB0B2FBC50D39C11FBEAABAF6ADAB86105000000C025106767C234CD56D456307A4977579C2295BE7DFBAEADA9A939DF94113B77EE5C6D8F1E3D66E16C01000000A03968F0BDCD8911ABE51A8AD3D380E0F5EBD79F6AAE552C2424A44441CA0B000000003443AA1313A6290EA7A7015D870F1FDEEC38B12D5BB69C53D444B700000000004E99DC8409D384CCF2F5E8D4A9D39ACACACA33CD99B15B6FBD7527CE16000000009C4139C08A5B60C4321474B1D52778F9F2E5C79B33626161615618590000000038630D17759FFDC295CEF5295784A2BE2F32842B48515FDEED0B23D6007A78815D77DD75C71E7DF4D19CD0D0D0ED3131315BBEF9E69BAD7BF7EE4DFFE9A79F724E9E3C59999E9E4E63EFBEC6E9020000607818633EB1B1B1B3264C98B0272020C0EAE3E3D35C4B0DF42BD5BE7DFB0B1D3B76ACBDE69A6BF6F7EDDB3708D177E971FACC33CFE4DC76DB6DE73B75EA849872619CDE70C30DA583060D4AE67FF1E008EA49C41F00AE62C9922593870E1D5AE5EFEFCFC2C3DF62164B1AB35ACFF13AE702E402D1B94D4BDBC42222DE65FDFBF7AFEED3A7CF1ED9FA055A394E4B4B4B10CBBF214E3332D211A7A827117F00B892C58BE3D6F8FAFAB2C8C8F799CD56CD2F803AC8CD8A898966DDBB773FD7A54B97C711918853C429E20F42FC813654B9F4EBD78FFFEAF89E077A2DE441E5E6E6B09E3D7BD2783164D0479C224E117F10E20F787F33FBA2C9F40B2F23631BBD2ED9418B16CD6723470E67C3863DC41E7AE801F670D05016131DD96039A875959BBB875D76D965E5687E479C224E117F10E20F783134E074E8D007AA2223DFE3C51A07C52F5DC4463C368C3DF5E428A151231F65414143D8BDF7DECDA245255303B9501111EF9CEED0A1431AA214718A3845FC41A8278197121B1B35CBDFFF3A66B355F1A0AE76D0F06141A26279F8E1A1BA1E79E44136E8BE7B782513D06079A8F5D5A3478F630AF25F214E11A7883F08F524F04E264C18BF273CFC0D1ECCE71B68F0A040F6FE7FDE616BBF5ECD623F8C14BFF0EE1F7CAF984F659BEDACD3F5A0D6D3D4A95328237C04E214718A3845FC41A8278117121030D06AB16CE0C16C6DA0E79F9FC08A4F1C635BB76C6229DF24B14F3E5ECCD624AE62870A0EB017FE3691D5D69E75BA1ED47AFAEEBBD493FC6BDA8938459C224E117F10EA49E085501242ABF5340FE6AA067A6DF6CB6C7BC616B663FB56B67B57A6109577ECF89EBDF6DACB4ED7815A57F4DDF0AFC98638459C224E117F10EA496F805E8732866B01570AD761F9E569197CE97D7F5BB9E214F5D5327E6DE09CF0403EDB4036DBCF6CF6EC596CD25F435866663ACBDD9B2DB46BD70E36F5C5FFC766CE78919D3F7FDAE9BA50EB4AC6665B07718A3845FC41A8274DCC40AE782E7AF12FBD38F915457D7F9FBFE2F8EE3E325E83B95EE44A94CBA7728D56BCF71D7F3C882B1D545D7D9A7DF9E5A72C20E04E56F0433E9B31FD450765656D6703EFBA9D7DB67C31FF2552DA607DA875850A06718A3845FC41A827CD0A19AB155CA55C61BFA285CB872B589AB76CAEE1DE59C1FCA2EBC2850AF675D24A76DFBD01ACB0E020DB9BB39BA57E9BCC12BFFA9C257CB68C2D8E9BCF2B9F04D1FC7ECF3D77B1952BE3596D6DB9C336A0D6152A18C429E214F107A19E342363A4018BE4EADE0ADB1B2DBB2EE36517A717553015BAB66E592F72E050A59296F62DFB6AF54A51B1C42F5DC83E5A10CD22DFFF377B7BDE9B6240EA82F9516CC8038359F2BA550EDB805A57A86010A78853C41F847AD26CCC51D4F15FADFDEA839ED2881570F97A4F05F3B3AED766BF249EF8A18A64C9E205420B3F8A6131D1FF61EF45CC63FF9AFB067BFD9FAFB05933FFCEDE78FD555EB924B297664D73D806D4BA42058338459C22FE20D493663461FE2EDCC7DBB2B5AD9F775430E5BAA882A147B09F1EF3045B91F0B1A858A8B2F9F73BE16C6EF8EBECDD7FCF15950C553A23470C67DF6E58272B9872C84542058338459C22FE20D49366EA8E74B509D39825F7E56BFE0AE68CAE3D7BB6B1575F99C9C63E3D5A5420D4D4EE4C818103D933E383C5AFBEACACEF1CB601B5AE50C1204E11A7883F08F5A419F093AD54EE1C504FAD6FF4746507735730A71D64ABF9899D3D7B8C45BCFB261B3EEC413678D03D224374E03D03D9BDBC6279E07F07B1D069935945C511B16CFDF5A1D6152A18C429E214F107A19E34035F28EAC07C77434F54BE68EE0AA60C32B050C1204E11A7883F08F5A4D119285BC3BA7B60DF03E4BE7B9AB78229850C2C54308853C429E20F423D6974E26537A1A7A04CFD6F9BB78229810C2C54308853C429E20F423D696428A71765C0F7E4EB88FAC956B10EE6AC607E820C2C54308853C429E20F423D6964E849C90C031C07BDA372B0392B98539081850A0671EA2571DA01F107A19EF44EA85B7096018E23DC60DD93A92D34863C888B2103CBCB2B18C4A997C729FFD077FFFEFD192B56AC6077DF7DF74C831932C41FEA49D00AA428EA0BBC3D0D1D83C548BFE0A4A8A2096CBA8239E911D1BEE7CD7B5594B76C4964E3C73F25949CFCA9F8CC663BDAE4BAFFF8C79416EF6BEDDA8F599F3EBD1BFDBCA0209DE5E56D76BA9F952B3FF2D839D28EC19B5BBA8C1EA7148F7E7EBF13E50D1B56B0C0C0BBF4CF4E9ECC6EB0FC9021F7B1471F7D90151565B288887F0A5199FE87A54B239BFDAE172C78479F3E7E7C77A3CBE5E76F619595050EAAA838283E7316CB9E88D37DFBF6FDB3B2B2D2C62467CF9EAD79F5D5570B7C7D7D6F46FCB9F6BB888A0A677575C7453921617E8BD6DBB62D492C5F5555D8E4F5B079F36A51CEC9D9C4AAAB8FE8A2CF504FB64DDC95C0B539E8188A0D7883D394D2C82F3F1EC4273C22DA371924ADAC5EC4173F4B4C5C22CA36DB117E93F9C1419999C96299C2C274319D9DFDAD983E7A74A7BE8DA2A21D7A99B6EDEF7F8D3EBD7DFB3AA7C743DBD9B0218185848CD50DE1279F44B1A4A478513E7366BF47CE531B3062868D53FBD8F1F5EDC58282EEE786E7007BEBAD97C431A7A77FEDB07CAF5E3DC532CEBEC7952B1734FB5DE7E559586EEE267EB3FB524CAF5AB550FF3C2B2B85DF5C8F89F9740D8C1AF5B0887F9A5EBE3C46BF3EE89AF1649C969797DFF6E38F3F16B146D8B56B97F5B1C71EFB882FEA83F86B5C4F3CF1289B38719CA8CB48549E3225449FA6E39A3BF71F0EEB509D48F3CBCAF689D8B1AF5749070F6E6D32D62FBFBC4BB3DF734242AC5E7EFCF161FC87F45742344D7F3D753F811DF21C360335753303DFE0EC7FF90D76AC608EBB556565B9DC802D13C7336CD803FCA2FE90DD76DBFF881B4951D17621FA6CDBB6447D9D2BAFECC66F300745259392B25C9449E9E949FCA698AF4FDB6C45FA3AB48DBBEEFA3DAF5C3E61616133C4365E7F7DBA98566F8AF31D8E8BF64B7FEBEA8EB25B6F1DA02F4746CCD9F2EE521B33628689D3EAEAC32C3575055BB62C92C5C484B39B6FFE6F51BEF6DAFFCBE6CC99A6C71A2D63BF1EC509C5DA4B2FFD4D187AD5D4ABB15450B04D7C66BFFC860D9F392C43FBD0AE8FC8C8B006B1909797265BC4368B6B499B4FEB5099E67B2A4E393EB9B9B99FD6D6D65E60CD50C7898E8E2E1B3060C028C45FCB74E38DD7B38080DB9BFD1E162F8ED0CB7DFB5E2B6294EAB7ECEC0DECB2CB7C1A5D9762503562CE3FA71F0814AF252539FAB9A2EBC47EDF89898B514FB641188EE5922A18FB5F7E816A0573CC23526F1EF1A24C37A7FBEE1BC82B828F85E8B3DCDC8D0ECB9F39B34FCC9F3973923ECF6A3D24E65105E56CFBAB572F1265DAA6BFBF9FD3CF0A0AB6EAFBA47275F58FBAD45F7F1FEAE59C9C6F3D729EDAA011334C9CDAC70E99ACFEFD6F10E6DF3E465493AE2E4F37BEC183EF6EB09DBABA23DC38ED952DABFBC4B47DAC69DBA2B8A7BFE3C68DD6E33B33739D1E0BF9F91687E5962F8F167F9F7BEE8FFC869B207FC47CE5F6F3347CF87076EAD4A90A76899C3871E2FCB3CF3EBB49F14C2E46C3C79FBD2E1A31E79F1F3FBE53AF57E90743515106EBD6ED0A873AB3B13A866298629DBAE14F9EDC25E651FC69CB68B14BCB6975A1DA05FAA6D80FC953B1D706EA49B488B5E2456D483176D423A27DDF77DF5DE2C64295466565BEFE195DCCB9B9A9FAF4C1839BC5F2274F66F10A6083C336D2D2568ABFC1C17F68B0FDBBEEBA95572ECB5858D874D922162AA62F561847F90DB1485F3E2F8F7EF12DE7266D21DBB2E54B5D9F7CF281F87BEAD46E8F9C27C87371AAC5CBDCB92F710395CB8D4F141B352A48E8D14787B22953FEE2B0BC16AB64C6A8C577F1E2775960E09DE22F8D5324C344CBD96C3F8AF98F3FFE089B3AF559218A315A97E653599B5F5292ADC78266C42856D5EEF96D763F6A8ECA568938B79EA3C387D3F9F517CC8A8B8B2FD5878975685DC45FF3BA68C49C7F4EA648FD41B945FE383DCA6263E78A32C571E7CE9D5864E41B4EE3F5F8F14CB18CDA227694656525EBF1A62DDBBE7D7B969D9D22E653BDA9FEA05DE85057B93BF6EAD593A08D8F11F333F818314D3BB946DA99571EC447DCAAC2C2ADEC6F7F7B468EE9CA60AB56CD670909D1FA0DEFB9E7C68AF26DB7DDC4CDD8B7FA3ADAFAB44C49C96EB1AE3A26E10BA7FBB958491C11DB535B351A7E663F2F3171915E0E0CBC8385843CAD1FD7DAB54BDD7EAEB46369832D621E8FD3CACAFDFC26162EC7C13C22E6A5A67EC66EBAA91F375F13445C5037CFF4E9135BF41D4E9A344EC46D63F14AD7803A266CBEBE8E16FFF6DBC9CF4F93466CA334625B1DE2D33E8EDD1DA7BD7BF75EB762C58AE20B172ED4B6C4849D3A752AE1EAABAFA6879C123D548F1B36FE9CE9A2116BF819D58714B3F5EB2A9AA67AACA9EF6DD9B2FFE8F5A46AC4D4CFE6CD7B59AF6F69FACC19B555ECE0418BD37AD453B1D706EA49C3437DF9430C701CF4D4E45603DFE0EA572C76631F8ADC2AABF5A0B8B035235657A775C96CD0FFD27C6A5277B67E51D1F7A2E2505BC35634BA9F8B2D62F12C2C2C54B6884D13D36A8BD8970D96CFCFDFA41BBC11231EE415D8187DF9EDDBD7B8FD5C69C7D5868C9861E2B4B2328FDF643E12DFFFCA951F8A7954560DBDBA0C95870C0914E5EAEA023DDE7C7DAF66D3A63DE7103F144F7493A2F187F6FBA9A8D8C7E6CE9D255B7C33B9C14A15E56BAFEDC3CACAB21BC4C2962DABE4936DF9D2886D9137DF25FA32EACDD063713AFA81071E3876F2E4C992C60C18376AFB9E7FFEF938BE6C012D8FF86B995423765BB3DF8316AFDA34C521952966AEB8E27287CF541356A4C7B76AC4D469AD6E8E897993D96C6A3739FDF8A0E58E1F57C7F24644CC167532C959BD8A7AB26D4079C4420D701C94472CC28037B80C59D135D67DCB83F8B047A4FEB24AE3664A1DD7525191AB5FF46565BBF9AFAF3D4DAEDBDCB1A7A7AFD6CBC9C94BE50D549D2E29D9E5749BD4744F37602A3FF8E07DF246BA541AB1448F9DA73660C40C1BA7F6B1A3C5C2CC997F7528D75F47334BA74EEDD4BFC3D8D8B71C96A118DCBC79A5D8765595DA9271C71D378BEB415B263333C9693C2C5F1EA9AF43FBD07EC0D04D51BB963C1CA75D3B77EE1C151E1E5E525B5B7BCECE835977ECD8F151C78E1DF7F1652215CFBC1FD854F167AF1B6FF49746ACE9EF61E5CA187D9AE28ED6A3780D0E1E255A73697E5D5D61837A9096518DD8C57954176B658A39FA4B757376B6DA759995F5B5C3BE131317A29E6C8304CB5631B4CC39D2D82F3B2715CC8F6E97CD5620C73258F4BF73E7CE943794F58DAE479F2962A0E8372C21214A76F9FC8955571F6C727F176FA68D2F43DB1A3F7EB45E4E4A5AE4F05962E2471E39575E5EC1183A4E496BD72EE637B6683D8E3A76ECC0E6CD7B899BADCF4579DAB4671BFDDEFEF39FD7F8CD2B4F3EC9F64EB3DFB3B61FFB7969699FE9D3478F7E2F5BC3F21A2C77F0E0267ED3DC25AE2D03C5E9C0FEFDFBEFCDCACA3AF1CB2FBF7C171010F0B9343D03117F4DABA4248B3DFEF8C34254C7A5A67ECA7AF5BA4AB4945299A4D581AA19721E47343D61C2934DEEEBCC996CB18D65CB22C4F69D2D73EA54A6FE0398F6AD6D7BF5EA050EFB1A37EE0F1E89411831CF424FDA547AF89795BF3C061F139E3F1EC4856ED7DAB571E2C29932E5195E09ECD6E7AF5A15C32B8D27C46754E99494EC649595B9FCA6B7923DFAE803FCC636DB613B56EB7E7E837B9B3DFDF463B27B26CEE9FE929216B29B6FBEB1C963AAAADAA797557398C62B9F1DDC20CE90DDA8DB3C72AE50C1782E4EC9042922F1F02C314D314471585D7D40885A1AA64D0B69747D8ACFC8C839F207464AB3DF73CF9E57B2D8D837D99021F788BF34EFF5D7A78ACFE93A5144BA80034ED7A56BC713E7A80571DA41F65A30F9B703E2AF65A2F8F935DF4342C2070ED31327FEB1D9F5283EED63DD99F2F236E8C7452D73F7DD7727FF71B28485843C25FE523D1B14344894514FB63DD6728578B85B32CEBC37B8439081850A0671DA9CEAEA7E30439C7640FCB5CDD8403DD93618CE95EBA10B9D5AE24A15F5A949935630059081850A06718A3845FC41A827CD4036D7780FEC975AC262CC5DC1FC001958A86010A78853C41F847AD20C0C51D43C5EBE6EDE273D7EDDD5DC15CC41C8C042058338459C22FE20D49366815AA756B8A98BB29FEC920C327F05730032B050C1204E11A7883F08F5A45920034663C55C9DCFCB5FB684857A4705930F1958A86010A78853C41F847AD24CF4945D94AFB8B0258C4CD8DBDE53C1EC870C2C54308853C429E20F423D6936E809C6C32E304B43647764A8775530799081850A06718A3845FC41A827CDDA32462F92A5A7296FF98DDBA21415DA7BD182BCAF82D9071958A86010A7885397E183F843FC01D7F3A2ECAA242375FB25AEEBCF15265BC1E89D965DBDF306970B1958A86010A78853D7F49CF8F8F8B04E9D3AADE7E5C94AD3B920F11D23FEC06FA4AB3454C714F53D6734989F5EF03AA0DE72BEB2C58B32E5D3BB232BA581F3F3EE1BDC5EC8C06A4105D34F769B8728E6CE5E8E38F5EE3835121D3A76ECB8FDD0A143FB6C369B352F2FAFE4FDF7DFAF09090939DCAD5B37BA3F0422FE107FC075044A5396A2A8E3C86CF20B64B2E54C336A431473BE3BF257DCE07220034BC626FD68A09713D34328918AFA5AAF7CF963415B261B710A79384ECD42446262E21EE6046ECC6C999999E7626363CFBEFCF2CB69A3478F9E84F843FC01E0323A77EE74C16ADDC103790F644055547C5F6467B49AD32B8853C8133A776E7B91FC516B0646CE9C39B390B590C58B175FA0EB2B27E70B7CD7883F005A9F9B6EBAFE94C512C783391B32A0D6AC895CC7BFA65D5C6B5A60C406204E210FC6E94E1384925FBF7EFD8ED5D5D555B5C484E5E6E656F8F8F8FCD2ABD755BF20FE107F00B884FBEFBFE3CBF0F0177830EF860CA851A3EE4F502E26280E6BC284ED449C42068953A3D2A14B972E3B4E9F3E7DB82526ACB6B6F6A4AFAFEF7EBAEE107F883F005CF7F3D0EFAA003FBF5E35365B260FE85D90B174B85DBB76798AE3C0E1C6CC5885A23ED93B04710A19204E8D48446666668BBB24C78E1D9BC9D7F9940C1CE20FF107804BE9D3E7EAACC8C8193CA0B3200369E4C8FB1729EAD3BBF55950CF84D9A401A3A77D0F4BC5700D56BCE8294AC4A9E9E2D4488C7CEFBDF78EB6D484C5C5C565F175B62A760F6C21FE107F00B89201DDBA5D5E9591118F0BDB20B25816D198307A8AB7B164C47176462CA3DE67942F8F9EACA4FC7705D2A0DD8E38853C10A746E0F7749D8C1F3F9ECD9F3FBF263F3FBFE2C2850BB58D99B05DBB76EDE9D8B1E301454D6784F843FC01E036827AF5EAF1332A1963542EEDDAB52B54D474154DA199B1C94D2C3358B6A06939F4E8C9CA018853C88D71EA09E86D2821CAC53445D46AF2ACBC56E2BA75EB96F3A73FFDA976E9D2A5670E1C38504A292BC8849595951DEFD1A3C74F4D5C23883FC41F00AEBDC975EAD4B162DEBC174FDB6C3B70B1BB5F8765337BF125542E64B25A9270B883ECBE8CE72A97A66C9662CE64C58853F3C5A93BA06EC46069BE8A65AC0F6FA27B9E961F48E6EC8A2BAE58FAC8238FFCE0E7E7C7E48F17C41FE20F00CF75FFB46FFF5F1BBA76ED523269D293BBD7AFFFB0D86A4DC7C5EF229D3BF77DD19A35EFADA3A77EE480D3543734B3D30D88DE2C4103912921AC856BA2A2BE9F15710A19254E5B1ACB64B656C81F182BE4B40FE2AF691D3EFC35E20F008343638A686C110D58B52A2D4F2A0A5D9A68A03DA59E70F65A157740AFFF1ACF9528BFE744D97DD31D710A19284E9DB5EE2E90AD2229B225CC07F1D7320D1F3E9C05070723FE0000C06090F97A51DED8ACB275C153373800EA1328CDD761D98A6BA61F0C868131E673E2C489F2E2E262D6BB77EF7538230000604CE889311AD84F63C9A8CBA7B9F13600B8021A34FFB6345F19D27CF9E1B4FC7A7273733FD59E105DB972E509451DA6000000C0E037C330457DC9383D7DA9258E852903AEC05FFE08C8977A45CE03BF91F2F2F2DB6A6B6B2FD8A7EB78E8A187E89A46CB2200009804EA1ED25A288EC932C66C80DF8A9F72B105F6B08CAB01382DAD4B4141C18FF5F3A69DE274EEDC390A67070000CC69CAB41C65D47211869B27B844F3455D8D1669BE16C0D4BB8E7DFBF6FDB3B124B673E7CE3DA5A8A93C0000009810EAA2A4F163F639CA5E5130960734C43ED16AA9826E6EB7C0BD96EFD9B3676B1A3362757575D5FDFBF7DF8BEF010000CC8F9654939EB8D4729461803562424BB4EACE5C5F40B27FFFFE8CE6DEAFB97BF76E6AD90EC5D9020000EFC1BEF5A352FE0D513030B8AD19F272C5B3B9BEDA3C2B56AC68F645E79595959B15356717BE230000F05253A68D07AA5490A3CC5BCD97D6455DAA20D79761B8F7DE7BA734D535C9B10604047CAEA0450C0000DA04F64FC8D9E7288329331FF659EEB5F181E88A3620B367CF3ED8980BDBB163C747F2BBC3183100006863D8E7282B573078DB2CD47F6216B9BE8C4F3F6EB8ACF54DD8850B17F675ECD8719F82A726010000A64C6998A36C304C99A1CC97F6FD20D79709193972644C1DC7DE884D9E3C7909FF28126707000040FD9BBEF652E75C457DB1F2ED382D1E31C761CAC5B72A2081AFB9E9101313536297CC3581CF2B50308E0F000040130CE18A91A68CC6B1CC51D00DE64AE8DCD2A0ED6C05DDC55EC775D75DF7E0891327CED34BBF7BF5EAB551C1BB260100005CA229A3C1FD56457D2A8F0C434F9C96DF0CBDE49D06D96F95E6EB53AE310A1EA0F04A264E9C98121C1C4CA92A127136000000FC1ABA2A6A4EB2B576A68CA6D1C5D272E85C8D9737E372F9773CCE619BF9EEC988F5C3A9000000D09AA68C7294516BCE68391F38D2419E1BCAE3566A676071AEDA1E0CA7000000406B43DD945AE258ED5D8623715A9420AE38794E762A6ABA095F9C161831B3323DCA327C7AF4A64742A3363D33ED43CBC819B1DF5D43F3FF367FEB957CDE07616161ED687ADA071BEF9E1195F6D8F4684B507DF1E566210C0000C0F5A68C069DD3137F34E0BF2D3DF147FF2BA525D09E3CA59BCE2D080BE00D466CDA0769F790F99A169DF6F717622D5DA7467FF37F42A337857283B52A2CDEA28F6DA4799316AEEDE2741BD19B5E44180000807BA064955A0E2C7A5C3F42F1CEF131946E225CFE8F05B24C860C4F3C02AF3262D3A337BD238C5694E535CD984D8BB1FC51B474C5A42DBC68C4D2E6ABCBA73DA0B78445A73D29D6894A7B1F610000009E3565941F8BD26198F9953CFE8ADAD5982DCD17B5FC21E71AF0722396F626753F72D3F5CFA9D11BFF47EB9AA47933632C7AA261ADFB51335D6161AB3AD1BC291F6EBC8A8C1BC20000003C0B1916ADFB8EC69551A56D869632ADDB355551BB5D692C1CDE4200DA84119BF6C1C6DF8746A5BD4A468A1BB1E8BF47596E098DB4881F1FD3A2D3FEC53FEFAD2FCB0D1899AFE9516993540367099A1693F6071A5746AD6808030000300634A68406F5538EB2726970284799915ACA28E54030578A348EF474285E960EDA9C1123A8E58B0C18192F9A0E8DDEF4271A984F7FB565A6476EEC4B666D46D4C6A1A1D1963F87466EF91D8D299BF9E1A6EBE8AF36A01F000080F14C9966782AA5299BA87826C54357792C94E3AB54FE1D0DF3052E91B5D27835A59D66F847449722375FF4D4240DC2A72E4A9A3F2D66D3D3A1319637EC97A5B160D4EA454F526AA62B2CCC225A8D3503070000C0F8A62C449A314A1C9B21A75D99CD9F5ABE28ABFD17D208A628C8F5057E1B342ED2D68C11334D9A17D1D52806DE6F7A875ABDC440FC28CB5FB8F1FA90C68BE9468C1B334A71E12C758566E000000098073242A3A5312253462921A87B70BCBCD1FDDA8CF49452825ABDE801027AC5103D401027E721CB3D682D529A3061F403C354E30B451E316EBE84D18AB588719D94B68272885117244D4F8BB13CDFE8FA7C3D8404000098176A29A3B410D465F9853465D47A454F2DD2A07FCA5C4FE3CDC2EA294E9A37325C87A5A12B90CB872AC8F3055CC7C0268C185EFC0D0000C02BCC1919A9218ADA4A46266D4E3D23464F3A86C865FA2918EB05DC8BB3B16234360C4FDB0200000000B8186763C5F00A3000000000003791A8A0350C00000000C02304DA19B1E1381D0000000000EE451B2B86D630000000000037A33D410900000000603E18633EB1B1B1B3264C98B0272020C0EAE3E3D35CE67AE857AA7DFBF6176EB8E186D241830625F3BF43117D000000401B66C9922593870E1D5AE5EFEFCFC2C3DF62164B1AB35ACF716F76017281E8DC6664A4B388887759FFFEFDABFBF4E9B34741CE3D000000A0EDB17871DC1A5F5F5F1619F93EB3D9AAB951A883DCAC989868D6BD7BF7735DBA74791C1109000000B42113C61A21242444EF4A9B3A752A6B9C5AA815949B9BC37AF6ECF98B823C6800000080F7B364C9A2C9D412664F585818FBF2CB2F4579E0C081EC9B6F52D8F61D3B58EFDEBDC5BCAFBFFE5A18B39A9A1ABBB56C502B2937770FBBECB2CBCA15745302000000DE0B0DCC1F3AF481AAC8C8F784953A7BF6ACC360728BC522FE6ED9B2851D39729475E8D081A5A4A488791B376E147F4F9F3E2D8D580DD48A8A8878E7343FDF698852000000C04B898D8D9AE5EF7F1DB3D9AA84953A7EFCB83057DF7E9BCA4A4B4B4579ECD8B1AC84976B6C363661C25FC4BCA3478FB15F7EA914E543870E4923560DB5B27AF4E8714C5113D502000000C0DB983061FC9EF0F037F84DFFBCDEC1F8E69B6FB2CE9D3BB3B232B5A5EBF4E9337A0BD94F3FFDA45AAEEA6A31BD79F366BBAEC9F3502B6BEAD429F4AAA608442A000000E08504040CB45A2C1BF84DDF2ABA1A172F5EAC774756559D63F1F1CB4479D4A8516CF4E8D1A2FCCE3BFF66E7CF9F17E5E4E464B660C102F6F9E79F8B6D40ADABEFBE4B3DA9A8EFCD0400000080B741C95AAD566AF9AA72181B969898C84A4BCB449906EE6BCC9D3B57CC2B282860870A0B1DD6A16D40AD2BFA6EF8B9B5797918F6E40A56D4963F0BD731C531F16D315706571CD7442E7F5CB9000000BC051AA22F44E5CAB3E774D345D38F3DF618ABABABD3E75179DCB871D278A96863C5B4ED40AD2BC57B5FD914C495C865552EED8D043669CC4214BC5314000080F98D58A590FDCDEEC0817CF177C488110D8CD89FFFFC67F15979F9CFFAF2B367CFD6B703B5AEBCD088D1FB40772AADF39AA87CD94A0600000098D588FD22A53279F2649699B993FD5C5E2E6E7634785FE35FFFFA97FEA4E4BE7D79C2A81517176B6D63900BE46546EC6DD9A255BF852B852B8C6B08573FAEAE72791F45ED8AA42747E7C8E59CB5A0D17C3F5CCE0000004C68C42A848E1C39C2C6C9D6AE9FCA2B85B58A5BB2544CD340FDA79E7A4A94699C989A73AC4A745D5E75D5556CD7AE5DFA76A0D6959718313256967AE6A95251C785F95FE2B6BA73BDC255506F7BE5D2C8010000006632623F0BEDDDBB57DCD0E8453BA7CAAB5846560E3B5BC3D886CD19FACDAEB0B0905DB8C0D8B66DDBD837DF7CC32A2BD5AEB32FBEF842DF0ED4BAF2022346266C6B3DD394215BBE7E0B343E2CB45E0B1B99BB31B8AC01000098C888954B3131D64BBBA90506060A1346C6ACBCAA86FD7CD62A9619FA5010BBFDF6DBD9F5D75F2F967BFEF9E765D76439E402798111ABDF1216A6B4EE20FB015CB976DBA7AE4BBCA713000080598CD81929F51547D43D49B9C47AF5EAC5F20B8FB2F273D5FA4DF4E7B3E7D99EBD79FA3B27298F1865E0573903B9402637626FD73361AE6AADA256B7947A2D630370790300003081113B2DC51C9E8EA416B1892F84B2C1431E16E598981876CDB5FE2CBFA090DDF8DFFD5959591973E434E40299D888D1D391B67A2D61AE8406F6A72A8EF9C77AE2120700006070235626E568C4D6AD5BA7B764646464B0F272BD9B4C64E1AFA9A9A967C4CA2017C8C4462C5B711C13E68E9C5F64BC4AEDF61B894B1C000080C18D5829646099D48805298EDD84FDDCB8EF91F5F6ED8FCB1C000080818D5809646099D488ADB533439E786979A287F70F000000B4D488FD041958263462D43DA8255DB579A8456AA0E2985FAC3B2E75000000063562A72003CB84462C5871CC78EF29EC13BE8EC6A50E0000C0A046AC1832B00C66C4E8A9C4C1CD2C13A1B8EF49C9A6085730681F000080F18DD8498F8B8E2336765EB3CBFCE31F53F4724ACA677A393B3BB545FBC8CD4D137FF3F236B7F8B8A64C79D6E3E7C648F12245862CB09165EC13B80EF6E0B18EA977BC00000080118DD809B72B3DFD6B969CFC290B09192BFEFAF9FD8E0506DE29CAA4A4A478D6B7EF750EEBD0B12E5BF6815E5EB56A61837253528DD826B67DBB9A96E3E0C1ADFA6795953FE82A2ADAC13A77EE7449DB76A50C6AC4ECBB1EEB9BAD63769FF7F3E0B1DEA238E614030000008C68C48EBB5DAAC1F9489F26E3131131479FEED8B1039B33679A281F3D9AC9CDD927629D071F1CC456AF8E13E582826DFAB6F2F337B39C9C547DFDCACA8362FEE38F0F93664F5DFFA9A71E1365DA374D9F3CB95B2C7FC5155DF575962D8B14656DDBB43F2AE7E5A579EC5C19D888D9B7380D76B24C570F1EAB4FBD63010000008C68C48EB95D56EB21969BBB919595ED15520DD0FBA25C58F83DEBD3A7778375B465B4F29557766349494B4539353541FCA569FABCBAFA4731BD766DBCC3FAB3674F1565DAB7B3E3524D9D4598AEE4E48FC5F4B871A3F5F2E6CD5FB8FD5C99C488D9B79019C9FCC08801000030BA113BEA11D1BE131262B8692A14E5C4C438514E49F9845D7E7917A7CBF7EF7F03CBC9D920CA5959C9FAFC3BEEB8D961596D9B64DC366C58CE468C785088F6A1ADF3DC737F74BA0F6D196D3A296989D3CFDC799E4C2CB488010000004D1BB1231E11ED7BF0E0BB5972F232519E38315894A935EC892786E9CB6DDFBE868D1FFF846C91FA5C5F373171915E5EBD7AA1C3B62B2BF78BF94545E92C2D6DA5E8EA3C78D0225BCF3ED33F73764CDA76B5693A26679FB9F33C99A0456CA7A266B4A7D718618C18000000D0722356E4115D343645D2F0C48B726AEA72D6ADDB15FA7236DB216EACF2E4B8B258A7EBE6E76F6275753FEAEB68A6ABAA2A9FA5A47C2CBB3A8B44AB18CD4F4FFFAAD1630A0A1ACC323393584ECE7A315D51B14FFF2C2929CE23E7C9C046CCDE8069E0A949000000A0E546ECB047A49A9E41DC802D952D627F14E59E3DAF643367FED5E9F2CB96BDA797B3B393856152C4A0FB1DF249C834F13919AF71E31E677979DFB2FEFDFBB209139E14F3A74C9920962B2BDBAD9BBB53A776EAC662DBB62F1CF6A71ABFC3CC6A3D205BD3967BE43C19D088D14BBC472BCE5FE41DA318238F5898DD71C4E052070000605023F6A3C7A5B6882D75FA5945C55E6EB4B6CB56B08F585DDD21DD3869EBE6E6AE9779C626EBF38E1EFD9E1BB10DF2094B8BECDA5CC11212A244B957AFABD89933D9FA3EB4FD69DBA76D6667AF632525592C2969115BBAF45D8F9D1B03C58BB316B0FA8C578C91593FD7EE38C6E05207000060502356E8712922416B7CA39FD3678A18A09F24A6939397387C366CD8FFB211238672D3B4931BB06DFA72A48A8A1CB6766D1C375DBBF579F9F9DF8AED4544BCE2B09FC2C2CDECB2CB7C5859D92E315D5757C0A2A25E97E3D0E67BECDC982CA6FC14C7774DF6F4C031D88F0FB37AE818000000809618B1431E575DDD0F86380E234A31E7137FF6E3C4E67860FFF176FB8FC7650E0000C0C046AC0032B04C6AC4ECBB27E9294A77A6B118205BE2B4FDDF8ECB1C000080818DD80F90816552234663C8ECC768BDE2A1D6B8445CE20000000C6EC40E42069662DE64A4F6AD623637B54C85D6DBE72DB8C401000018DC881D800C2CC5DC59E1D7DA19A37CAEEE2EDC57B0E2D825391997370000001318B17CC8C032B911F3E52A551C13ABFAB8C884552A18A00F0000C07C466C3F646029E67F4F622057B99D49A2315C7EADB8FDD07A2D6194BBAC2B2E6D000000263162799081A578C70BAB290BBFD5CE2C51EBD56F4DB24A4F476E551C5FB90413060000C06C466C1F6460798911238214C7EE43CD385DEAFB2869007E7CBD5630AD3B12260C000080D98C582E6460799111D35AB18E290D5F1E7E98EB6D457DD2929EAED4C691F948E345AD67615CD94ED625438681F9000000CC6AC4F642069697193145B65ABDEDA475ECD72851418A0A000000E63662399081E585464C8306EC872B8E03F95B221A6B16AF20633E000000B3D3B973A70B56EB0E7EC3DF031950E7CE6D2F52D4AE376F86BA1F69FC5884A28E19ABDF7559ACA8692F6214354D055EE00D0000C03BB8E9A6EB4F592C71FCA69F0D19506BD644AEE35FD34E442A000000E085DC7FFF1D5F8687BFC06FFABB21036AD4A8FB13644B1100000000BC0D3FBFAB02FCFC7AD5D86C99FCC6BF0B32960EB76BD72E4F5113A202000000C01BE9D3E7EAACC8C819FCC69F0519482347DEBF4851C74601000000C08B19D0ADDBE5551919F130400691C5B2688DA20E52476A06000000A00D10D4AB578F9F61C68C61C2DAB56B57C8BF9391084B000000A00D99B14E9D3A56CC9BF7E2699B6D074C91FB7558764716C384010000006D9301EDDBFFD786AE5DBB944C9AF4E4EEF5EB3F2CB65AD361925CA473E7BE2F5AB3E6BD75F474A41C984F63C2D01D09000000B471286B39653DDFAAA899CC19E41251B256CA1346292AF074240000000000000000000000000000000000000000000000000000000000000000000000000000000000000000000000000000000000E3F3FF01F22A96F307A415280000000049454E44AE426082, '1');
INSERT INTO `act_ge_bytearray` VALUES ('14', '1', 'thesisScript.bpmn', '13', 0x3C3F786D6C2076657273696F6E3D22312E302220656E636F64696E673D225554462D38223F3E0A3C646566696E6974696F6E7320786D6C6E733D22687474703A2F2F7777772E6F6D672E6F72672F737065632F42504D4E2F32303130303532342F4D4F44454C2220786D6C6E733A7873693D22687474703A2F2F7777772E77332E6F72672F323030312F584D4C536368656D612D696E7374616E63652220786D6C6E733A61637469766974693D22687474703A2F2F61637469766974692E6F72672F62706D6E2220786D6C6E733A62706D6E64693D22687474703A2F2F7777772E6F6D672E6F72672F737065632F42504D4E2F32303130303532342F44492220786D6C6E733A6F6D6764633D22687474703A2F2F7777772E6F6D672E6F72672F737065632F44442F32303130303532342F44432220786D6C6E733A6F6D6764693D22687474703A2F2F7777772E6F6D672E6F72672F737065632F44442F32303130303532342F44492220747970654C616E67756167653D22687474703A2F2F7777772E77332E6F72672F323030312F584D4C536368656D61222065787072657373696F6E4C616E67756167653D22687474703A2F2F7777772E77332E6F72672F313939392F585061746822207461726765744E616D6573706163653D22687474703A2F2F7777772E61637469766974692E6F72672F74657374223E0A20203C70726F636573732069643D2274686573697353637269707422206E616D653D22E8AEBAE69687E7A8BFE4BBB6E5AEA1E689B9E6B581E7A88B2220697345786563757461626C653D2274727565223E0A202020203C73746172744576656E742069643D2273746172746576656E743122206E616D653D225374617274223E3C2F73746172744576656E743E0A202020203C757365725461736B2069643D22757365727461736B3122206E616D653D22E68F90E4BAA4E794B3E8AFB7222061637469766974693A63616E64696461746555736572733D22247B6D6F64656C2E757365722E757365724E616D657D223E0A2020202020203C646F63756D656E746174696F6E3E2F70726F636573732F7468657369735363726970742F72657175657374466F726D2E6A73703C2F646F63756D656E746174696F6E3E0A202020203C2F757365725461736B3E0A202020203C73657175656E6365466C6F772069643D22666C6F77312220736F757263655265663D2273746172746576656E743122207461726765745265663D22757365727461736B31223E3C2F73657175656E6365466C6F773E0A202020203C757365725461736B2069643D22757365727461736B3222206E616D653D22E68C87E5AFBCE88081E5B888E68C87E5AFBCE8AEBAE69687223E0A2020202020203C646F63756D656E746174696F6E3E2F70726F636573732F7468657369735363726970742F726561646F6E6C79466F726D2E6A73703C2F646F63756D656E746174696F6E3E0A2020202020203C657874656E73696F6E456C656D656E74733E0A20202020202020203C61637469766974693A7461736B4C697374656E6572206576656E743D22637265617465222064656C656761746545787072657373696F6E3D22247B7475746F724C697374656E65727D223E3C2F61637469766974693A7461736B4C697374656E65723E0A2020202020203C2F657874656E73696F6E456C656D656E74733E0A202020203C2F757365725461736B3E0A202020203C73657175656E6365466C6F772069643D22666C6F773222206E616D653D22E68F90E4BAA42220736F757263655265663D22757365727461736B3122207461726765745265663D22757365727461736B32223E3C2F73657175656E6365466C6F773E0A202020203C736572766963655461736B2069643D22736572766963657461736B3122206E616D653D22E5AEA1E689B9E68890E58A9F222061637469766974693A64656C656761746545787072657373696F6E3D22247B75706461746553756363657373537461747573536572766963657D223E3C2F736572766963655461736B3E0A202020203C656E644576656E742069643D22656E646576656E743222206E616D653D22456E64223E3C2F656E644576656E743E0A202020203C73657175656E6365466C6F772069643D22666C6F77392220736F757263655265663D22736572766963657461736B3122207461726765745265663D22656E646576656E7432223E3C2F73657175656E6365466C6F773E0A202020203C73657175656E6365466C6F772069643D22666C6F77313022206E616D653D22E59B9EE5A48DE68890E58A9F2220736F757263655265663D22757365727461736B3222207461726765745265663D22736572766963657461736B31223E3C2F73657175656E6365466C6F773E0A20203C2F70726F636573733E0A20203C62706D6E64693A42504D4E4469616772616D2069643D2242504D4E4469616772616D5F746865736973536372697074223E0A202020203C62706D6E64693A42504D4E506C616E652062706D6E456C656D656E743D22746865736973536372697074222069643D2242504D4E506C616E655F746865736973536372697074223E0A2020202020203C62706D6E64693A42504D4E53686170652062706D6E456C656D656E743D2273746172746576656E7431222069643D2242504D4E53686170655F73746172746576656E7431223E0A20202020202020203C6F6D6764633A426F756E6473206865696768743D2233352E30222077696474683D2233352E302220783D2235302E302220793D223135302E30223E3C2F6F6D6764633A426F756E64733E0A2020202020203C2F62706D6E64693A42504D4E53686170653E0A2020202020203C62706D6E64693A42504D4E53686170652062706D6E456C656D656E743D22757365727461736B31222069643D2242504D4E53686170655F757365727461736B31223E0A20202020202020203C6F6D6764633A426F756E6473206865696768743D2235352E30222077696474683D223130352E302220783D223133362E302220793D223134302E30223E3C2F6F6D6764633A426F756E64733E0A2020202020203C2F62706D6E64693A42504D4E53686170653E0A2020202020203C62706D6E64693A42504D4E53686170652062706D6E456C656D656E743D22757365727461736B32222069643D2242504D4E53686170655F757365727461736B32223E0A20202020202020203C6F6D6764633A426F756E6473206865696768743D2235352E30222077696474683D223130352E302220783D223330312E302220793D223134302E30223E3C2F6F6D6764633A426F756E64733E0A2020202020203C2F62706D6E64693A42504D4E53686170653E0A2020202020203C62706D6E64693A42504D4E53686170652062706D6E456C656D656E743D22736572766963657461736B31222069643D2242504D4E53686170655F736572766963657461736B31223E0A20202020202020203C6F6D6764633A426F756E6473206865696768743D2235352E30222077696474683D223130352E302220783D223437352E302220793D223134302E30223E3C2F6F6D6764633A426F756E64733E0A2020202020203C2F62706D6E64693A42504D4E53686170653E0A2020202020203C62706D6E64693A42504D4E53686170652062706D6E456C656D656E743D22656E646576656E7432222069643D2242504D4E53686170655F656E646576656E7432223E0A20202020202020203C6F6D6764633A426F756E6473206865696768743D2233352E30222077696474683D2233352E302220783D223631302E302220793D223135302E30223E3C2F6F6D6764633A426F756E64733E0A2020202020203C2F62706D6E64693A42504D4E53686170653E0A2020202020203C62706D6E64693A42504D4E456467652062706D6E456C656D656E743D22666C6F7731222069643D2242504D4E456467655F666C6F7731223E0A20202020202020203C6F6D6764693A776179706F696E7420783D2238352E302220793D223136372E30223E3C2F6F6D6764693A776179706F696E743E0A20202020202020203C6F6D6764693A776179706F696E7420783D223133362E302220793D223136372E30223E3C2F6F6D6764693A776179706F696E743E0A2020202020203C2F62706D6E64693A42504D4E456467653E0A2020202020203C62706D6E64693A42504D4E456467652062706D6E456C656D656E743D22666C6F7732222069643D2242504D4E456467655F666C6F7732223E0A20202020202020203C6F6D6764693A776179706F696E7420783D223234312E302220793D223136372E30223E3C2F6F6D6764693A776179706F696E743E0A20202020202020203C6F6D6764693A776179706F696E7420783D223330312E302220793D223136372E30223E3C2F6F6D6764693A776179706F696E743E0A20202020202020203C62706D6E64693A42504D4E4C6162656C3E0A202020202020202020203C6F6D6764633A426F756E6473206865696768743D2231342E30222077696474683D2232342E302220783D223235352E302220793D223136372E30223E3C2F6F6D6764633A426F756E64733E0A20202020202020203C2F62706D6E64693A42504D4E4C6162656C3E0A2020202020203C2F62706D6E64693A42504D4E456467653E0A2020202020203C62706D6E64693A42504D4E456467652062706D6E456C656D656E743D22666C6F7739222069643D2242504D4E456467655F666C6F7739223E0A20202020202020203C6F6D6764693A776179706F696E7420783D223538302E302220793D223136372E30223E3C2F6F6D6764693A776179706F696E743E0A20202020202020203C6F6D6764693A776179706F696E7420783D223631302E302220793D223136372E30223E3C2F6F6D6764693A776179706F696E743E0A2020202020203C2F62706D6E64693A42504D4E456467653E0A2020202020203C62706D6E64693A42504D4E456467652062706D6E456C656D656E743D22666C6F773130222069643D2242504D4E456467655F666C6F773130223E0A20202020202020203C6F6D6764693A776179706F696E7420783D223430362E302220793D223136372E30223E3C2F6F6D6764693A776179706F696E743E0A20202020202020203C6F6D6764693A776179706F696E7420783D223437352E302220793D223136372E30223E3C2F6F6D6764693A776179706F696E743E0A20202020202020203C62706D6E64693A42504D4E4C6162656C3E0A202020202020202020203C6F6D6764633A426F756E6473206865696768743D2231342E30222077696474683D2234382E302220783D223431362E302220793D223136372E30223E3C2F6F6D6764633A426F756E64733E0A20202020202020203C2F62706D6E64693A42504D4E4C6162656C3E0A2020202020203C2F62706D6E64693A42504D4E456467653E0A202020203C2F62706D6E64693A42504D4E506C616E653E0A20203C2F62706D6E64693A42504D4E4469616772616D3E0A3C2F646566696E6974696F6E733E, '0');
INSERT INTO `act_ge_bytearray` VALUES ('15', '1', 'thesisScript.thesisScript.png', '13', 0x89504E470D0A1A0A0000000D49484452000002620000004608060000006FF4F8EF000019C24944415478DAED5D0D585555BA3E372DADECC929C6BC5E6BC86CB45BDD6C648CD40A8D32536F365AE39839548ED746BD6AEA4C638D83696651314A68098239FE903F212912524268A2882222212123A2A3E61F1222C109BFD9DFDA6BEFF6391C04E5707EF67EDFE7799FB3F6DE6BAFB5CE5EEFFED6B7D75A7B6D9B0D0000000000000000000000000000000000000000000000000000000000000000000000C04C20A2B6D1D1D1D3468F1EBDB757AF5ED56DDBB625DE0DBA9FAD5AB5BA78C71D779CEAD3A74FB2F2DB0FEA8326A149E816846E010B63C99225E3FAF5EB5715181848B367BF41E9E95BA8BAFA82624F2E822D40BEB65959DB2922E21DEAD6AD5B4DA74E9DF62AD5700F94084D4293D02D08DD0216436C6CCCFA8E1D3B5264E4FB64B7D728E2AE033DCCA8A805D4BE7DFB0BD75D77DD53502434094D42B720740B58C87074EDDA5579A2F85A11F18FA017999F9F47010101DF2BD532189A8426A149FFD32D3580B0B0307D286DE2C489D430A039E816B05817FAE271FCF49695B54D11AFDD818B172FA4C1839FA001031EA5471F7D841E0BED47510B22EBC503DDCBFCFCBD74EDB5D7965BB56B1D9A8426FD59B746848787D3DAB56B4538282888366D4AA11D3B77D22DB7DC22F67DF6D967C231ABADAD359C05BD41B78065C09349FBF57BA42A32F25D2558EBC0F8B8C534E8C90134EC374304870C1E48A1A121F4E083BFA605A2E1AB055B901111F3CEB46EDD7A0B34094D4293FEA65BA2F3E7CF3B4C264F4F4F17BF99999974F8701929D791525252C4BE2FBEF842FC9E3973463A62D01A740B5806D1D1F3A70506FE82ECF62A45B0350E7C6240A868EC1E7BAC9FCEC71FEF4F7D7A3FA0347CBDEAC507DDCF9B6EBAE988524DC1D02434094DFA936E898E1E3D2A9CABCD9BD3E8D4A95322FCECB3CFD249255C6BB7D3E8D1BF17FBCACA8ED0F7DF578AF0C18307A523069D41B78065307AF4A8BDB367FF4D11EA0FF5D8B74F30BDFFDE3CDAF0D93A8AFE2052F43A3CD4F741B19FC376FB7997E781EEE3C489E37729D514014D4293D0A43FE956C5AC59B3A84D9B3674FAB4DAD375E6CC59BD87ECBBEFBE535DAE9A1AB19D919161189A84CEA05BC032E8D52BA83A3D3D55116A753DBEF4D2683AFEAF23B435F34B4AD99444CB3E8EA5F589ABE960F101FAE3CB63E8C71FCFBB3C0F741FBFFA2AED98524DBBA04968129AF41FDDF250636C6CAC3E1C59557581E2E3978AF090214368E8D0A1223C6FDEDBF4C30F3F88707272322D5AB4883EF9E413E80CBA05AC045E60B0BA9A9FD6AAEAF1B5197FA21D5999B473C756DAB33B5B90C33B777E4DAFBDF62797E780EE25D78D524D7668129A8426FD47B736C3DCB0C4C4443A75EAB408F3C47D0D73E6CC11FB8A8B8BE9604989C339D099A5751BA07084ECBD4B5778C4E6B878ED7185590A63148E5118E8AB7FA49DC2E10A17294C5178485680F18F6C957F244C61670BDB0F9E565A8F76FB399A31631A8DFD431865676FA7FC7DB982BB77EFA48913FE8FA6BE324179923BE3F25CD0BD949A8526A14968D24F74CBE1CAF31774A78BB79F7CF249AAABABD3F77178E4C891D2F152A1CD1583C62CA9DB5085890AAB6D97F75501BB74CCD89769ED0B7F244861BCFC235CB057E59F0B742A203B5E7D154E30FCF13485437DE58F78D678543AB0A6E60CAD5DFB0FEAD5EB5754FC6D21BD326582037372765050CF1EB46279ACF29471AADEF9A07B694D470C9A8426FD57B7C686F2C08142F13B68D0A07A8ED873CF3D278E95979FD3E3CF9831031AB3966E83E490A93B3EF554287BC9BC0276AC56293CA530FC0A7AB8DACAAE4076DE72153E612DE3F1BDCE8B172BE8B3A404EAFD602F2A292EA27D797B286D7332257EFA09AD5CB1946263162A0DE24A3124F4C0033D2921219E7EFCB1DC210DD0BDB4A623064D4293FEAC5B15E3C68DA3ECEC5D74AEBC5C5C339EBCAFE1CD37DFD4DF94DCBFBF40386AC78F1FD7FAC6406BE8F62DA7D13AAD872B45FA32210ABBCA513ECD57E18E257EFBF37519CF550F5A8AA747FA864B072C52617B37A437540E5DC61BFEBCC98D4785CEAD999F8B7599B8A1DBB265337DBA2E413476F1711FD1878B1650E4FB6FD35B73678949D28B16CEA79047FA52F2C6D50E6980EEA5351D3168129AF45FDD1E3E7C9846CADEAEEFCA2B856B15B3244E6CF344FD61C3868930CF1353D71CAB12439737DF7C33EDDEBD1B1A33BF6ED9B74877729E2A6DEABCB0C0CB4CABBD1CFD2B764AAF5C3A722D0EF60879FE97BB3F5F10201D31FE631DCD6F3CCEE97C6DC674F1161A376E4B6217097EF46114452D788FDE8D984B6FCEF91BCDFCEBAB346DEAFFD3DF66FE4569F01269FAB4490E6980EEA5351D3168129AF45FDDEEDBB74F5C23FED0CE89F22ACACAC9A3F3B544A919597A4359525242172F126DDBB68D366DDA449595EAD0D99A356BA03173EB969DB0AD4E4E5396ECF96A0E785AD564A71EB64AD959D5E24E58600BE6F196EC6DEB6A6EE351AE931B3D5E16E099E14FD3AA951F8BC68E1BC0B7E7CDA639B367D23B6FCF110D1F378483073D419B5337CA46AF1C6C215AD3118326A1497FD62D89B95E5A83181C1C2C9C3076CCCAAB6AE9DCF96A11A7DFA3A1D4A3470FBAFDF6DB45BC975E7A490E4D426326D6AD734F58B8CDBD73D3BB2BCC37A45F6D6BA16F6D0EF78013A6619ACCABA3798DC7599D7BF76EA3BFBC3A959E7D66A868D478F8C715838383E8F95123444F444ECE570E6980EEA5351D3168129AF467DDAA9F38E2E1495E4BAC43870E54585246E5176AF406F8DCF91F68EFBE02FD9B93BC8E18AFC0AF021A33A96EDF7272C25AAAB78A7BDD529C7AC6BABB3383CEB297CA9313EAB9F72DD166CE372A79BD6707DA6BBF538CC8118A7867163D31A03FF5EDF38058B53CF881207A5069EC1E79B80F4D9E348E2A2A0E8BB8CEE783EEA5351D3168129AF467DD92C3DB91DC2336E68F93A96FC863221C151545B7DE164885C52574E72FBBD1E9D3A7C911D09809751BE4346C18DEC2F9F1C4FE349BE3B25D01EE4A7C8D4D9D98EF69F018EE04731A8FD3A00FD39A8E18EA1D9AF467DD3A3A621B376ED47B41B2B2B2A8BC5C1F2613ABF0D7D6D63A3962D09809759B6B739C13E6898E9D00D971A5E5EB16DF294826DADE0B17B1BBCC3BC07CC6E314E8C3B4A623867A8726A15BD034BA0D751A26F4E4BCF3C14E79073637C178394CE82D2C9263BC26331E27411FA6351D31D43B3409DD82A6D1ED068333E48D0F8F27BA2B7F9E7CC6B3FFBDF939A2AEB257ACB5B98CC777A00FD39A8E18EA1D9A846E4153E836C0F6D3A2AB769B77BE0D1964735C5FEC8A471587CB71556F83D7FFE86B2EE37102F4615AD31143BD4393D02D680ADD8EB039AE78EF2D18177C1DDA9C61C1693E70B3CDF693E1C9B4263A8C8A408F833E4C13357AD0243409DD8266D26D53B41161F3DC9B928DF92ECD9EB4CF9E64A80FDC945C86747F783A9364A1045FDA781CF30A39EFB973FF22C2999989346AD430C1E4E47F8863767BD925CFFDF39FC73739AF0D1B3EA64E9D6E69F07871F1762A28C870994F42C2875EBB465A19CCD263D05C4DB2363A77FE4F114E4D5D45C1C13DF563C78EE5D68B1F12D29B060EEC4FA5A5D91411F157410E731E7171918D5EF7458BE6E9DB478FEE69305E6161265556163BB0A2A2481C33EAAAA5CBCFFB59CBC632F3BE6DDB929AA4B3C4C438AB69D214B6D4B96EA2A3E7361A47B39F1C4E4959A1877373D39A94477EFE967AFA6EEC9CF1E35F309B2D6D8A368C0BB87A73346DB85379AF089E5AC0B53170198EFB91F1307689F6756D3CFEE51572DEEC2069616EA48CC712139788B0DD7E5869D8BE75607676B2FC4CC876B19D9BBB596C9795EDD2D3282DDDA98739EDC0C05BF5ED1D3B36BA2C0FA7939ABA92C2C29ED51DC265CBE6535252BC089F3DFB8D57AE93C91AB42BD6A4B11E3B76EC40A1A10F290ECF017AE38DE922CDEDDB3F7388DFA1438088E3EA9A26242C6AF4BA1714A42B0DCE979491B1566CAF5EFD917E3C272785EAEA8E88FDACC721431E135AE4EDE5CBA374ADB27E3D557EDEFFF0C3C10EDBD75F7F1D9D38B1B7519D6DDBB65EC4E732BBBA874CAA49BFB7A5AC19D69566B3D8D10F0EFE950833D97675E9F28B7AF5B774E9DFF5B0A66B678D5FEADEE0FB82ED28878B8AB6EAC78C769AF5D3A6CD359795B69FD9D2A668E388E1B837BFD2738FCD714DB12B024F726BED4337A6BF190FA327DCD7D1781CF5284F9FCE571CB0A5A23C03063C422B577E40F7DDF7DFA2F12A2DDD21A83EC527EAE7FCEC67372A37769170BC5252968B3073FBF624A5212BD4B7EDF652FD1C4EA367CFFF518CD1320A0F7F45A43173E614B1AD36640B1DCAC5F9F26F5D5D19DD7B6F773D1E3B62AEE27B8A2676C49AACC99A9A439496B64A693C22292A6A36DD7DF72F45F8B6DBFE8B5E7F7D925EEF1CC7781ED719D7FBF4E92F8B864A6DAC96C99EA36DE298317E6AEA0A87389C87A6D5C8C8F07AF55250B045F68865085D6BFBF91C0EF37E4F96FFECD902BD1C7CAF70BC63C7F6C8079B5887B8BD7AF51069F13D327E7C989E3637E24C2E1F9F97979766664DFAB52DD5EA62F5EA0FF56D767C22225ED7B7AFBEBAB5D01887CBCAB275FDF4EFDF87D6AD8BD1B5A4A5C59A35D639DB55DEFFD453031CF4376CD89322CC796B3AE3F837DCD04E3F8735C4612D6DCE8FC37CDF98C49636451BC6FDEDBCA8E3B64E65F17BE7C79F1D31A3E71EAC1A8F235EA1DA60C58B303728BD7B072937F6C782EA13D7170EF1CF9EDD2FF64F9D3A56DF575D7D50ECBBF3CEDB5DA6BF6EDD6211E63403033BBB3C565CBC55CF93C33535FFD4C9FBD851D4C279799BBD729D4CDEA0355993C67A6427A55BB73B84236EAC2FD56156E377E9721BF5EDFBEB7AE9D4D51D561C967DB29773BFD836D6BB96166B907F478E1CAA6B2D3B7BA35E2F8585E90EF1962F5F207E5F7CF1B78A53B5523E507CDAE2E5E773799BEF27DED6CAAA3A5F47940678A7D87EE38D69F5D23A766C37E5E67EEEA0B72953FE60154DFABD2DE5BA66FD71FD6B9A58BAF47D112E29F95A4EC9A85F7F1C470BB3FD4D4A8A13614DB7BCCDC7355D6AB65A3B67C68C8922EC6CA78D71F8FE60A74BB3AF7C1F69E18C8C3566B0A54DD146B39D9F162AAF297AC44C43A232AF90F3EEDDBBA7B859B967A0B2B2503FC68D577E7E9ABE5D5494219FBA72146728D5218D2D5B12C4EF8811FF5B2FFD9E3DEF556EFCA5141E3E45F6884D16DB3F3590654AA356AAC72F28F8925253972B4EDA479499B956E7B2657F17BF274EECF1CA75B21A1BBA165ADDCD99335D7138F215C7673E0D19122A3870603F1A3FFEF70EF135DDB033C3BDAFB1B1EF88DE1EFEE5068A1D268E67B7FF53EC7FEAA9C769E2C41704B9BE6DE283CDBF12616DFFC993B97ABD688E18EB461D2ADF6668B4CAA43314E391F2B336396E4E4EB238C6650808B8491CAFAE2E167A571DBD68971ACBCD4DD1C3AEE2585D93BE6E4B57AE8C529CA6125D731C4E49592686A65DC5E78700B6A59A66B4FDF7DF7FB7435C2D4D76DCD8360E1AD45F50D3B5F6E0E12A0FA3F655E76E89CB6316B2A57EDF23E62B73C43AFBE91C318DBB6CEA4ABBAD7FEA4E3FEC5196946CA5975F7E5ECEE9CAA2D5AB172A466481DE48BDF8E2B3227CDF7D7729CED866FD1CED7C8E73F2E41E712E873333D7B8CC47EDF5FA4884393DB527A2FE31E3BEC4C4C57A3838F87E0A0B7B462FD7860D711EBF565A594CDEB3D0A8262B2BBFA1E8E8D97288E471B12F2D6D05DD755757C579192DEAE8DA6BDBD29429639A743DC78E1D2934D49076588FEA90CF42FD1C4D8BC6740A0BB509CB5F48476CAB8356344D79AAFC6A83F99EAEF98E1D7FAE386925FA43C9A5D22C2EFE4A94C9265E9429B18A26FDDA961AEB839D75CD568D19334284D9217FFAE9017ABC1D3BD6D3A8514FCB1EA94F5CDA3D67BBC8DAE5FDA5A5DBC5432F0F751615A5CBDEB315FA315765D2D2D5B6B94CAE8EF9B12D6D8A364C35478CC75C437CE0A6E4B726B7FAA1F170361A86790DA51E6575759168443447ACAE4E1B064AD57F79FF8D37DEE0F2FCD2D2AF4563A3F686AD6A309F9F7AC4E2293C7CB2EC119B24B6D51EB1B5F5E217167EA93B78FCD41716365C8FCF46CCD3D74A2B97491BB4266BB2B2B24069203E14759190F081D8C761D5B956E37038242458846B6A8AF5BA676764D2A4171DEA527DA25F2CE6021AF3A9A8D84F73E64C93BDAFD98A839526C2B7DDD6894E9FCEAD572F9999ABC56F5555A174C432A523B6448FA33A629E29BFA6612E2B3B933CB4C90D31DF6F97D218DF8313278689F38F1EDD61254DFAB52D35D687EAD8944A87275E84D3D2963BD851BBFDA0D0A2FA9011EDF25CD60FEB413B4773BA58E32929DADBE7A5428336F182C9A70D962934B42F656727515EDEE7629BEF2FED5852528C196C6953B461AAB726791DB1C93E7053F25A1C117E643C7811DCA19718D655047AC82BB489B76DB628CED44A7993E68BDFA8A8594A43B287CE9EDD7BC9731B2BFBF6EDEBF47072729C6CF4D4ED932777BB4C9327BA6A86AA7FFFDEB2F18B938E58A2D7AE93C91AB42BD6A4B11EB57A993AF50F0E61E7733467E9C4895DFAF58C8E7EC3210EEB21232341A45D55F58D3E44C3DAD4E27083E2AA6E962F8FD4CFE13CB48789888819BAAE5BBAFCC6F2A4A62E13BDC99CA6FAC69A7A8C75CD74751E9771ECD8DFC986F80B2B69D234B63434B48FAEA331637E2BC201013F73A929B5E7F45D3D9C9B9B2CF4AD3E80ECD46D331F67C76BE4C8A7948792CDD4AD5B171A3DFA37623FF7E4723CB6D59ACDD4F4AF3EE8AE71C84F75FC0E290FE207646FDA7233D8D2A66823CAE61BEB88851BCA1175A5898C688E17E746F84ACF5C6368E8A9CD85F1F8A7C769B717CBE19074FD77CE9CA9B211FBBCC1F3F8984D4C9ADFA43CF1CF97C334BFA39A9AA24BE6F75303D8701C4E6BD4A8A17A382969B1C3B1C4C40FBD72AD4CD4E8355B931B36C45242C202BD4E799864EEDCE98AB3F289084F9AF44283D7F0BDF75E531C26B5C1888D9DD7E835D7F231EEDBB26585BE5D56F6B5EC2928A817AFA8887BA5760B9D7BB2FC3F3DA0A8E9B76AD54A3F5650904A37DC707DBD7352533F96CB56ECD7FF93DAAB12D7E07D653147CCA76DA9ABBAE1BA7375ACA2629FE268EDD0ED595DDD4107CD68F6D726D6191BA7EF635DB07E8C363B2363956E833B74B8597970CED5F3D0F2D3D2E7347373372A0F3C39C2AEC6C5BD63165BDA146D8CB2F9C6CAFAF986720CBFD244F87B4DFCE5F0F65EFC2381B20C6DCDF4B44754E2716ED8102317F87B5EB981F7E8FB57AF8E529EB89ED66FEE932777290D44BED25025D0C0818F288DD10C8774AAABBF511AA5B7E899679E944342312EF34B4AFA88EEBEFBCE4B96A9AA6ABF1E560DCE16E5096FA7E220BE228DD136AF5C2B9B253F7154FF3AB01364138B004F13DB5C9FAC899A9A038277DE19A83832610D5E47D64A64E4EBB2614869F49A736F4274F42C0A097940FCF2BE9933278AE3AC59DEE67C5D9DCB3AF646F90B0B378B789A9EA74E1D23EE23BECF8C7973F97373378879902929F1F5D2C9CB53D7E9EBD2E55687FBD3C29AF4595BEAAA6E5CD5A9463E661313F493C47672F212876303063C4C8306F513B6976D9E168F595191276CAC5113AC394E2F22E255877C4A4A32C4BC477E20E1EDBABA629A3F7FA69C87B6D04AB694E7951BBF3519E0853218E7875537B70CFC05F3302F0F4BC698CF781C047D98D674C4FCB7BEEAEABE85262DEB88417FD0AD4B18E789BDEE85FCE30DF9C73737B12764F79A3796B1E09EB853D2BB3599F128067D98D674C450EFD024740B9A46B7C6E1497E8BD293CB5874973D715AFE3DDC9168AEFC539E06F7844599D3787C0BFA30ADE988A1DEA149E816348D6E5BDB1CE768BDEAA5DEB84477251A6253D7C0E8E8C13FC27916DBBCBB185B0B1A8F22D087694D470CF50E4D42B7A0A9746BEC15B3BBAB67AA114C76CAF31E77F74EADF2D01065573924196A5EE37100F4615AD31143BD4393D02D683ADD6E30384685B6967DF97084D390E4B896EAE66BE9F5BC02654FD864731B8F42D087694D470CF50E4D42B7A0E974DB5176EC1817566D895518D809ABB4B971827E43089043942D35D6DA553A616F99DF787C03FA30ADE988A1DEA149E81634A56EF903F1E5062789E770B9F325C0C94E3D61BC76598B4EABE2C21F6A016729447AAD93AD613C0A401FA6351D31D43B3409DD82A6D52DAFC25F6D7096B8F76A7833D3E4B723B7DA1C3FB9D4E24E98B1678CDF04E0B7299B3B118DC76B63644F58A8758CC77ED087694D470CF50E4D42B7A0A9751BEA347CA8394E97FB3DCA7BE4D0A3DD29AD789B175E309C20872AD991BADCB711026DEA7798B8176C91CD9C6F475EC278E4833E4C6B3A62A8776812BA054DAF5BEEC53A62ABFFF1706DA46F94F467B479646DA5E3355CFA2CB92ECE65876C9C37FF543B5938FE63FC11CE08D905D8DD295E47E98DF24AF969D22B8DB1996FB1D6261A8F7DA00FD39A8E18EA1D9A846E414BE8B69D74BA2A5D385597CB449B9B97A8682E82A5539622BD4B63B7DD7183A3166233D7B723AFC078E4813E4C6B3A62A8776812BA052DA5DBCEB273A8FC329DAF6A390CD903B7A09FA24D9B6B2E5657EF5444BA17F4415EB8B0A3543E444093203409DD82E6D76D5B396217213B929C872E8FCB913CFED20F2F531180BBCFCF71D75DB79F484F8F51849A0BFA20D7AF8FDCA854D32E68128426A15B10BA054C88871EBA7FEDECD97F5484BA07F4410E19F2D04A5BCB2F5C0C4D82D024740BDD02805706A53BDFDCAB73E70EB5767BB622D6DDA06FF1D055575D556053E73B4293203409DD82D02D604674EAF4F39CC8C85714B1E6803EC4C1831F5A2CE7024093203409DD82D02D606274BFF1C6EBABB2B2E271D3FA08D3D317AFB7A99332EF8126A1076812BA05A15BC0FC08EDD0E1A6733020BE6138AEBAEAAA12A54E064393D0243409DD82D02D60210372CD355757CC9D3BE18CDDBE1337B2E7794876A11F87E18026A149E816846E018B76ADB76AF51FA9EDDA5D7772ECD8DFECF9FCF30F8E57576FC78DDD42BC70E1EBD2F5EBDFDDC86FF4C8C9A469E8428726A149E816846E018057E9E5557EF96BEEC6AFC483EE252F30C86BDBF06BD578A3079A8426A15B10BA05000000000000000000000000000000000000000000000000000000000000000000000000000000000000000000000000000000000000000000000000000000FC05FF063539EFC76F7842930000000049454E44AE426082, '1');
INSERT INTO `act_ge_bytearray` VALUES ('2', '1', 'topic.bpmn', '1', 0x3C3F786D6C2076657273696F6E3D22312E302220656E636F64696E673D225554462D38223F3E0A3C646566696E6974696F6E7320786D6C6E733D22687474703A2F2F7777772E6F6D672E6F72672F737065632F42504D4E2F32303130303532342F4D4F44454C2220786D6C6E733A7873693D22687474703A2F2F7777772E77332E6F72672F323030312F584D4C536368656D612D696E7374616E63652220786D6C6E733A61637469766974693D22687474703A2F2F61637469766974692E6F72672F62706D6E2220786D6C6E733A62706D6E64693D22687474703A2F2F7777772E6F6D672E6F72672F737065632F42504D4E2F32303130303532342F44492220786D6C6E733A6F6D6764633D22687474703A2F2F7777772E6F6D672E6F72672F737065632F44442F32303130303532342F44432220786D6C6E733A6F6D6764693D22687474703A2F2F7777772E6F6D672E6F72672F737065632F44442F32303130303532342F44492220747970654C616E67756167653D22687474703A2F2F7777772E77332E6F72672F323030312F584D4C536368656D61222065787072657373696F6E4C616E67756167653D22687474703A2F2F7777772E77332E6F72672F313939392F585061746822207461726765744E616D6573706163653D22687474703A2F2F7777772E61637469766974692E6F72672F74657374223E0A20203C70726F636573732069643D22746F70696322206E616D653D22E98089E9A298E5AEA1E689B9E6B581E7A88B2220697345786563757461626C653D2274727565223E0A202020203C73746172744576656E742069643D2273746172746576656E743122206E616D653D225374617274223E3C2F73746172744576656E743E0A202020203C757365725461736B2069643D22757365727461736B3122206E616D653D22E68F90E4BAA4E794B3E8AFB7222061637469766974693A63616E64696461746555736572733D22247B6D6F64656C2E757365722E757365724E616D657D223E0A2020202020203C646F63756D656E746174696F6E3E2F70726F636573732F746F7069632F72657175657374466F726D2E6A73703C2F646F63756D656E746174696F6E3E0A202020203C2F757365725461736B3E0A202020203C73657175656E6365466C6F772069643D22666C6F77312220736F757263655265663D2273746172746576656E743122207461726765745265663D22757365727461736B31223E3C2F73657175656E6365466C6F773E0A202020203C757365725461736B2069643D22757365727461736B3222206E616D653D22E5B7A5E4BD9CE5B08FE7BB84223E0A2020202020203C646F63756D656E746174696F6E3E2F70726F636573732F746F7069632F726561646F6E6C79466F726D2E6A73703C2F646F63756D656E746174696F6E3E0A2020202020203C657874656E73696F6E456C656D656E74733E0A20202020202020203C61637469766974693A7461736B4C697374656E6572206576656E743D22637265617465222064656C656761746545787072657373696F6E3D22247B776F726B67726F75704C697374656E65727D223E3C2F61637469766974693A7461736B4C697374656E65723E0A2020202020203C2F657874656E73696F6E456C656D656E74733E0A202020203C2F757365725461736B3E0A202020203C73657175656E6365466C6F772069643D22666C6F773222206E616D653D22E68F90E4BAA42220736F757263655265663D22757365727461736B3122207461726765745265663D22757365727461736B32223E3C2F73657175656E6365466C6F773E0A202020203C757365725461736B2069643D22757365727461736B3322206E616D653D22E9A286E5AFBCE5B08FE7BB84223E0A2020202020203C646F63756D656E746174696F6E3E2F70726F636573732F746F7069632F726561646F6E6C79466F726D2E6A73703C2F646F63756D656E746174696F6E3E0A2020202020203C657874656E73696F6E456C656D656E74733E0A20202020202020203C61637469766974693A7461736B4C697374656E6572206576656E743D22637265617465222064656C656761746545787072657373696F6E3D22247B6C656164657267726F75704C697374656E65727D223E3C2F61637469766974693A7461736B4C697374656E65723E0A2020202020203C2F657874656E73696F6E456C656D656E74733E0A202020203C2F757365725461736B3E0A202020203C73657175656E6365466C6F772069643D22666C6F773322206E616D653D22E9809AE8BF872220736F757263655265663D22757365727461736B3222207461726765745265663D22757365727461736B33223E0A2020202020203C636F6E646974696F6E45787072657373696F6E207873693A747970653D2274466F726D616C45787072657373696F6E223E3C215B43444154415B247B7472616E736974696F6E3D3D27E9809AE8BF87277D5D5D3E3C2F636F6E646974696F6E45787072657373696F6E3E0A202020203C2F73657175656E6365466C6F773E0A202020203C73657175656E6365466C6F772069643D22666C6F773422206E616D653D22E9A9B3E59B9E2220736F757263655265663D22757365727461736B3222207461726765745265663D22757365727461736B31223E0A2020202020203C636F6E646974696F6E45787072657373696F6E207873693A747970653D2274466F726D616C45787072657373696F6E223E3C215B43444154415B247B7472616E736974696F6E3D3D27E9A9B3E59B9E277D5D5D3E3C2F636F6E646974696F6E45787072657373696F6E3E0A202020203C2F73657175656E6365466C6F773E0A202020203C73657175656E6365466C6F772069643D22666C6F773522206E616D653D22E9A9B3E59B9E2220736F757263655265663D22757365727461736B3322207461726765745265663D22757365727461736B31223E0A2020202020203C636F6E646974696F6E45787072657373696F6E207873693A747970653D2274466F726D616C45787072657373696F6E223E3C215B43444154415B247B7472616E736974696F6E3D3D27E9A9B3E59B9E277D5D5D3E3C2F636F6E646974696F6E45787072657373696F6E3E0A202020203C2F73657175656E6365466C6F773E0A202020203C736572766963655461736B2069643D22736572766963657461736B3122206E616D653D22E5AEA1E689B9E68890E58A9F222061637469766974693A64656C656761746545787072657373696F6E3D22247B75706461746553756363657373537461747573536572766963657D223E3C2F736572766963655461736B3E0A202020203C73657175656E6365466C6F772069643D22666C6F773622206E616D653D22E5AEA1E689B9E68890E58A9F2220736F757263655265663D22757365727461736B3322207461726765745265663D22736572766963657461736B31223E0A2020202020203C636F6E646974696F6E45787072657373696F6E207873693A747970653D2274466F726D616C45787072657373696F6E223E3C215B43444154415B247B7472616E736974696F6E3D3D27E5AEA1E689B9E68890E58A9F277D5D5D3E3C2F636F6E646974696F6E45787072657373696F6E3E0A202020203C2F73657175656E6365466C6F773E0A202020203C736572766963655461736B2069643D22736572766963657461736B3222206E616D653D22E5AEA1E689B9E5A4B1E8B4A5222061637469766974693A64656C656761746545787072657373696F6E3D22247B7570646174654661696C537461747573536572766963657D223E3C2F736572766963655461736B3E0A202020203C73657175656E6365466C6F772069643D22666C6F773722206E616D653D22E5AEA1E689B9E5A4B1E8B4A52220736F757263655265663D22757365727461736B3322207461726765745265663D22736572766963657461736B32223E0A2020202020203C636F6E646974696F6E45787072657373696F6E207873693A747970653D2274466F726D616C45787072657373696F6E223E3C215B43444154415B247B7472616E736974696F6E3D3D27E5AEA1E689B9E5A4B1E8B4A5277D5D5D3E3C2F636F6E646974696F6E45787072657373696F6E3E0A202020203C2F73657175656E6365466C6F773E0A202020203C656E644576656E742069643D22656E646576656E743122206E616D653D22456E64223E3C2F656E644576656E743E0A202020203C73657175656E6365466C6F772069643D22666C6F77382220736F757263655265663D22736572766963657461736B3222207461726765745265663D22656E646576656E7431223E3C2F73657175656E6365466C6F773E0A202020203C656E644576656E742069643D22656E646576656E743222206E616D653D22456E64223E3C2F656E644576656E743E0A202020203C73657175656E6365466C6F772069643D22666C6F77392220736F757263655265663D22736572766963657461736B3122207461726765745265663D22656E646576656E7432223E3C2F73657175656E6365466C6F773E0A202020203C73657175656E6365466C6F772069643D22666C6F77313022206E616D653D22E5AEA1E689B9E5A4B1E8B4A52220736F757263655265663D22757365727461736B3222207461726765745265663D22736572766963657461736B32223E0A2020202020203C636F6E646974696F6E45787072657373696F6E207873693A747970653D2274466F726D616C45787072657373696F6E223E3C215B43444154415B247B7472616E736974696F6E3D3D27E5AEA1E689B9E5A4B1E8B4A5277D5D5D3E3C2F636F6E646974696F6E45787072657373696F6E3E0A202020203C2F73657175656E6365466C6F773E0A20203C2F70726F636573733E0A20203C62706D6E64693A42504D4E4469616772616D2069643D2242504D4E4469616772616D5F746F706963223E0A202020203C62706D6E64693A42504D4E506C616E652062706D6E456C656D656E743D22746F706963222069643D2242504D4E506C616E655F746F706963223E0A2020202020203C62706D6E64693A42504D4E53686170652062706D6E456C656D656E743D2273746172746576656E7431222069643D2242504D4E53686170655F73746172746576656E7431223E0A20202020202020203C6F6D6764633A426F756E6473206865696768743D2233352E30222077696474683D2233352E302220783D2234302E302220793D223135302E30223E3C2F6F6D6764633A426F756E64733E0A2020202020203C2F62706D6E64693A42504D4E53686170653E0A2020202020203C62706D6E64693A42504D4E53686170652062706D6E456C656D656E743D22757365727461736B31222069643D2242504D4E53686170655F757365727461736B31223E0A20202020202020203C6F6D6764633A426F756E6473206865696768743D2235352E30222077696474683D223130352E302220783D223132302E302220793D223134302E30223E3C2F6F6D6764633A426F756E64733E0A2020202020203C2F62706D6E64693A42504D4E53686170653E0A2020202020203C62706D6E64693A42504D4E53686170652062706D6E456C656D656E743D22757365727461736B32222069643D2242504D4E53686170655F757365727461736B32223E0A20202020202020203C6F6D6764633A426F756E6473206865696768743D2235352E30222077696474683D223130352E302220783D223239302E302220793D223134302E30223E3C2F6F6D6764633A426F756E64733E0A2020202020203C2F62706D6E64693A42504D4E53686170653E0A2020202020203C62706D6E64693A42504D4E53686170652062706D6E456C656D656E743D22757365727461736B33222069643D2242504D4E53686170655F757365727461736B33223E0A20202020202020203C6F6D6764633A426F756E6473206865696768743D2235352E30222077696474683D223130352E302220783D223435302E302220793D223134302E30223E3C2F6F6D6764633A426F756E64733E0A2020202020203C2F62706D6E64693A42504D4E53686170653E0A2020202020203C62706D6E64693A42504D4E53686170652062706D6E456C656D656E743D22736572766963657461736B31222069643D2242504D4E53686170655F736572766963657461736B31223E0A20202020202020203C6F6D6764633A426F756E6473206865696768743D2235352E30222077696474683D223130352E302220783D223435302E302220793D223232392E30223E3C2F6F6D6764633A426F756E64733E0A2020202020203C2F62706D6E64693A42504D4E53686170653E0A2020202020203C62706D6E64693A42504D4E53686170652062706D6E456C656D656E743D22736572766963657461736B32222069643D2242504D4E53686170655F736572766963657461736B32223E0A20202020202020203C6F6D6764633A426F756E6473206865696768743D2235352E30222077696474683D223130352E302220783D223435302E302220793D2234362E30223E3C2F6F6D6764633A426F756E64733E0A2020202020203C2F62706D6E64693A42504D4E53686170653E0A2020202020203C62706D6E64693A42504D4E53686170652062706D6E456C656D656E743D22656E646576656E7431222069643D2242504D4E53686170655F656E646576656E7431223E0A20202020202020203C6F6D6764633A426F756E6473206865696768743D2233352E30222077696474683D2233352E302220783D223630302E302220793D2235362E30223E3C2F6F6D6764633A426F756E64733E0A2020202020203C2F62706D6E64693A42504D4E53686170653E0A2020202020203C62706D6E64693A42504D4E53686170652062706D6E456C656D656E743D22656E646576656E7432222069643D2242504D4E53686170655F656E646576656E7432223E0A20202020202020203C6F6D6764633A426F756E6473206865696768743D2233352E30222077696474683D2233352E302220783D223630302E302220793D223233392E30223E3C2F6F6D6764633A426F756E64733E0A2020202020203C2F62706D6E64693A42504D4E53686170653E0A2020202020203C62706D6E64693A42504D4E456467652062706D6E456C656D656E743D22666C6F7731222069643D2242504D4E456467655F666C6F7731223E0A20202020202020203C6F6D6764693A776179706F696E7420783D2237352E302220793D223136372E30223E3C2F6F6D6764693A776179706F696E743E0A20202020202020203C6F6D6764693A776179706F696E7420783D223132302E302220793D223136372E30223E3C2F6F6D6764693A776179706F696E743E0A2020202020203C2F62706D6E64693A42504D4E456467653E0A2020202020203C62706D6E64693A42504D4E456467652062706D6E456C656D656E743D22666C6F7732222069643D2242504D4E456467655F666C6F7732223E0A20202020202020203C6F6D6764693A776179706F696E7420783D223232352E302220793D223136372E30223E3C2F6F6D6764693A776179706F696E743E0A20202020202020203C6F6D6764693A776179706F696E7420783D223239302E302220793D223136372E30223E3C2F6F6D6764693A776179706F696E743E0A20202020202020203C62706D6E64693A42504D4E4C6162656C3E0A202020202020202020203C6F6D6764633A426F756E6473206865696768743D2231342E30222077696474683D2232342E302220783D223233392E302220793D223136372E30223E3C2F6F6D6764633A426F756E64733E0A20202020202020203C2F62706D6E64693A42504D4E4C6162656C3E0A2020202020203C2F62706D6E64693A42504D4E456467653E0A2020202020203C62706D6E64693A42504D4E456467652062706D6E456C656D656E743D22666C6F7733222069643D2242504D4E456467655F666C6F7733223E0A20202020202020203C6F6D6764693A776179706F696E7420783D223339352E302220793D223136372E30223E3C2F6F6D6764693A776179706F696E743E0A20202020202020203C6F6D6764693A776179706F696E7420783D223435302E302220793D223136372E30223E3C2F6F6D6764693A776179706F696E743E0A20202020202020203C62706D6E64693A42504D4E4C6162656C3E0A202020202020202020203C6F6D6764633A426F756E6473206865696768743D2231342E30222077696474683D2232342E302220783D223430352E302220793D223136372E30223E3C2F6F6D6764633A426F756E64733E0A20202020202020203C2F62706D6E64693A42504D4E4C6162656C3E0A2020202020203C2F62706D6E64693A42504D4E456467653E0A2020202020203C62706D6E64693A42504D4E456467652062706D6E456C656D656E743D22666C6F7734222069643D2242504D4E456467655F666C6F7734223E0A20202020202020203C6F6D6764693A776179706F696E7420783D223334322E302220793D223134302E30223E3C2F6F6D6764693A776179706F696E743E0A20202020202020203C6F6D6764693A776179706F696E7420783D223236372E302220793D223130392E30223E3C2F6F6D6764693A776179706F696E743E0A20202020202020203C6F6D6764693A776179706F696E7420783D223137322E302220793D223134302E30223E3C2F6F6D6764693A776179706F696E743E0A20202020202020203C62706D6E64693A42504D4E4C6162656C3E0A202020202020202020203C6F6D6764633A426F756E6473206865696768743D2231342E30222077696474683D2232342E302220783D223238362E302220793D223130312E30223E3C2F6F6D6764633A426F756E64733E0A20202020202020203C2F62706D6E64693A42504D4E4C6162656C3E0A2020202020203C2F62706D6E64693A42504D4E456467653E0A2020202020203C62706D6E64693A42504D4E456467652062706D6E456C656D656E743D22666C6F7735222069643D2242504D4E456467655F666C6F7735223E0A20202020202020203C6F6D6764693A776179706F696E7420783D223530322E302220793D223139352E30223E3C2F6F6D6764693A776179706F696E743E0A20202020202020203C6F6D6764693A776179706F696E7420783D223333382E302220793D223232352E30223E3C2F6F6D6764693A776179706F696E743E0A20202020202020203C6F6D6764693A776179706F696E7420783D223137322E302220793D223139352E30223E3C2F6F6D6764693A776179706F696E743E0A20202020202020203C62706D6E64693A42504D4E4C6162656C3E0A202020202020202020203C6F6D6764633A426F756E6473206865696768743D2231342E30222077696474683D2232342E302220783D223337302E302220793D223233382E30223E3C2F6F6D6764633A426F756E64733E0A20202020202020203C2F62706D6E64693A42504D4E4C6162656C3E0A2020202020203C2F62706D6E64693A42504D4E456467653E0A2020202020203C62706D6E64693A42504D4E456467652062706D6E456C656D656E743D22666C6F7736222069643D2242504D4E456467655F666C6F7736223E0A20202020202020203C6F6D6764693A776179706F696E7420783D223530322E302220793D223139352E30223E3C2F6F6D6764693A776179706F696E743E0A20202020202020203C6F6D6764693A776179706F696E7420783D223530322E302220793D223232392E30223E3C2F6F6D6764693A776179706F696E743E0A20202020202020203C62706D6E64693A42504D4E4C6162656C3E0A202020202020202020203C6F6D6764633A426F756E6473206865696768743D2231342E30222077696474683D2234382E302220783D223531382E302220793D223139392E30223E3C2F6F6D6764633A426F756E64733E0A20202020202020203C2F62706D6E64693A42504D4E4C6162656C3E0A2020202020203C2F62706D6E64693A42504D4E456467653E0A2020202020203C62706D6E64693A42504D4E456467652062706D6E456C656D656E743D22666C6F7737222069643D2242504D4E456467655F666C6F7737223E0A20202020202020203C6F6D6764693A776179706F696E7420783D223530322E302220793D223134302E30223E3C2F6F6D6764693A776179706F696E743E0A20202020202020203C6F6D6764693A776179706F696E7420783D223530322E302220793D223130312E30223E3C2F6F6D6764693A776179706F696E743E0A20202020202020203C62706D6E64693A42504D4E4C6162656C3E0A202020202020202020203C6F6D6764633A426F756E6473206865696768743D2231342E30222077696474683D2234382E302220783D223531382E302220793D223131342E30223E3C2F6F6D6764633A426F756E64733E0A20202020202020203C2F62706D6E64693A42504D4E4C6162656C3E0A2020202020203C2F62706D6E64693A42504D4E456467653E0A2020202020203C62706D6E64693A42504D4E456467652062706D6E456C656D656E743D22666C6F7738222069643D2242504D4E456467655F666C6F7738223E0A20202020202020203C6F6D6764693A776179706F696E7420783D223535352E302220793D2237332E30223E3C2F6F6D6764693A776179706F696E743E0A20202020202020203C6F6D6764693A776179706F696E7420783D223630302E302220793D2237332E30223E3C2F6F6D6764693A776179706F696E743E0A2020202020203C2F62706D6E64693A42504D4E456467653E0A2020202020203C62706D6E64693A42504D4E456467652062706D6E456C656D656E743D22666C6F7739222069643D2242504D4E456467655F666C6F7739223E0A20202020202020203C6F6D6764693A776179706F696E7420783D223535352E302220793D223235362E30223E3C2F6F6D6764693A776179706F696E743E0A20202020202020203C6F6D6764693A776179706F696E7420783D223630302E302220793D223235362E30223E3C2F6F6D6764693A776179706F696E743E0A2020202020203C2F62706D6E64693A42504D4E456467653E0A2020202020203C62706D6E64693A42504D4E456467652062706D6E456C656D656E743D22666C6F773130222069643D2242504D4E456467655F666C6F773130223E0A20202020202020203C6F6D6764693A776179706F696E7420783D223334322E302220793D223134302E30223E3C2F6F6D6764693A776179706F696E743E0A20202020202020203C6F6D6764693A776179706F696E7420783D223334322E302220793D2237332E30223E3C2F6F6D6764693A776179706F696E743E0A20202020202020203C6F6D6764693A776179706F696E7420783D223435302E302220793D2237332E30223E3C2F6F6D6764693A776179706F696E743E0A20202020202020203C62706D6E64693A42504D4E4C6162656C3E0A202020202020202020203C6F6D6764633A426F756E6473206865696768743D2231342E30222077696474683D2234382E302220783D223335302E302220793D2239312E30223E3C2F6F6D6764633A426F756E64733E0A20202020202020203C2F62706D6E64693A42504D4E4C6162656C3E0A2020202020203C2F62706D6E64693A42504D4E456467653E0A202020203C2F62706D6E64693A42504D4E506C616E653E0A20203C2F62706D6E64693A42504D4E4469616772616D3E0A3C2F646566696E6974696F6E733E, '0');
INSERT INTO `act_ge_bytearray` VALUES ('3', '1', 'topic.topic.png', '1', 0x89504E470D0A1A0A0000000D4948445200000262000000FD08060000001FF91B5900003B414944415478DAED9D0F5C5455DEFFEFE35F32FB69E622EB4345E63ED8B3EDA395B194F6A4C5AE96FA64E5BAACEBFAB09BEBCFCD5C2DDDAD75DD8D163377692325B244C5CAC57F1922221ACA981AFF441147244302F10F0A2822C208039CE77CCFBD739D81E18FC5CCBD77E6F37EBD3E2FCECCDC7FDCF9DE733F73CEB9DF23490000000000000000000000000000000000000000000000000000000000000000003C0FC6984F4C4CCCC21933661C0D0A0AB2F8F8F8307A1BEA7A75EFDEBDF9DE7BEFAD18356A5432FF3B16D10700000078316BD6AC993D76ECD8DA8080001611F1376632A5318BA58E7BB366C805A2739B9191CE2223FFC1020303EB070F1E7C947F0DF72312010000002F63F5EAD86D7E7E7E2C2AEA1D66B5D673A3D004B959D1D12B58FFFEFDEBFAF4E9F30C2212000000F02213C6DA202C2C4CED4A9B3B772E6B9B46A80B6436E7B18103075EE5E77B222213000000F070D6AC59359B5AC2EC090F0F679F7EFAA9288F1C3992EDDC99C232B3B2D8A04183C47BDBB76F17C6ACA1A1C16E2D2BD445329B8FB25B6EB9A54A423725000000E0B9D0C0FCB1631FAF8D8A7A5B58A96BD7AE390C2637994CE2EFFEFDFBD9E9D3A5AC478F1E2C252545BCB767CF1EF1F7D2A54B8A116B80BA509191CB2EF1F39D8628050000003C949898E50B0302EE66566BADB05267CF9E15E6EAF3CF5359454585284F9D3A9595F37283D5CA66CCF85FF15E69E91976F56A8D289F3A754A3162F550176BC0800167F8390E46A4020000001EC88C19D38F4644BCCE6FFAD7D50EC637DE7883F5EEDD9B5556CA2D5D972E5D565BC82E5EBC285BAEFA7AF17ADFBE7D765D93D7A12ED6DCB9730EF1F31C8948050000003C90A0A09116936937BFE95B4457E3EAD5ABD5EEC8DADA3A1617B74E94274D9AC4264F9E2CCACB96FD9D5DBF7E5D94939393D9CA952BD9A64D9BC436A0AED5175FA49EE7E7F9102215000000F0402859ABC5422D5FB50E63C3121212584545A528D3C07D1B4B962C11EF151616B25345450EEBD036A0AE157D37FCDC5A3D3C0C0772854A72CB9F89EB8CE498F8B68C2B832B966B265700AE5C0000009E020DD117A272CDB53AD574D1EBA79F7E9A353535A9EF5179DAB4698AF192B18D15B36D07EA5A2966C41309E14AE0B24837372381553166615C3D700903000030B811AB11B2BFD97DF55581F83B61C2845646EC97BFFCA5F8ACAAEA8ABAFCA2458BD4ED405D2B0F34622325B9BBB52BA6892A505AC900000000A31AB1AB8A6466CF9ECDB2B30FB12B5555E2664783F76DBCF9E69BEA9392C78FE70BA3565656666B1B835C200F33626F292D5A2D5BB852B8C2B9C6700DE5EAAB2CEF23C95D91F4E4E8626539672D68F4BE3F2E67000000063462D542A74F9F66D394D6AE8B5535C25AC5AE592B5ED340FDE79F7F5E94699C989C73AC56745DDE71C71DECF0E1C3EA76A0AE958718313256A616E6A94692C78505DCE4B6FA73BDC655D8627B558A91030000008C64C4AE081D3B764CDCD068A29D0B55B52C23278F5D6B606CF7BE0CF566575454C49A9B193B78F020DBB97327ABA991BBCEB66CD9A26E07EA5A798011231376A08569CA505ABEBE0B343E6C7E8B16363277537059030000309011AB52C4C4582FDB4D2D3838589830326655B50DECCA358B5866EC93216CC48811EC9E7BEE11CBBDF0C20B4AD76415E4027980116BD912162E75ED20FB615C66BBED53D725E6E90400006014237659913CC511754F522E315F5F5F565054CAAAEAEAD59BE8956BD7D9D163F9EA9C9394478C32F0CB5C865C20831BB1B75A983057B55651AB5B4A8B96B161B8BC01000018C0885D52C41C9E8EA416B1992FCE67A3C7FC4494A3A3A3D99D7705B082C222F683FF0864959595CC914B900B646023464F475A5BB484B9121AD89F2A39E61F1B884B1C000080CE8D58A5224723B663C70EB525232323835555A9DD64220B7F4343430B235609B940063662B992E3983077E4FC22E35561B7DF285CE2000000746EC42A201DCBA0462C4472EC261CEAC67D4F6CB1EF005CE6000000746CC4CA211DCBA0462CC9CE0C6931697982C6FB070000003A6BC42E423A96018D18750FDA92AE5A356A911A2939E617EB8F4B1D0000803BA141CBA33B67C42E403A96018D58A8E498F15E2BEC13BE4E4695000000C0AD2D5D8AC89005B76FC4CA201D4B6746AC33063F5272DF9392ED112161D03E0000008D8D987DCBC468E746ECBCE6A2E3888959DAE132AFBE3A472DA7A4FC4B2DE7E6A6B6BBEE0F7F1828D4D6E74545196AD96C4E63164B316B6A3A2BB6BD766D94E6E7C66006DF3E81EB680D8F754A8BE305000000343362F637A4D18E46EC9CDB959EBE9D25277FC2C2C2A68ABFFEFEDF67C1C10F8A322931318E0D1972B7C33A74ACEBD6BDAB96376FFEB055D95EF9F926F15979F931161070270B0A1AD1E6F1D0728F3E3A92A5A66E14E5ECEC649696B68569757E5A1E9BC10CFE19BBCF876A78ACF74B8E39C500000000CD8D98FD0D3458361A67DD2ED93C7DA0BEEEDDBB178B8C5CACBEEED9B3075BBC789E289796667373F6B158E7892746B1AD5B6345B9B0F0A0BAAD82827D2C2F2FD5611FB48DA79E1ACB4A4A32D95D77FD3B1B3EFC3F45393D3D51AC53596976381E325F4B97BE26CAB5B585E2EFCB2FFF56AC63DB3F1D8B16E7CA6006DFFEFDBE1A1EAB4F8B63010000A0400660B162060E49F2534D0CD2468C9D71BB2C9653CC6CDEC3CDD03121B9B5EB1D512E2AFA920D1E3CA8D53AB6656CE5DB6FEFC71213D78A726A6ABCF84BAFED973F78F03351BEF5D63E6CC28427DB3C1E5A3633733B5BBBF69F8A493BD66A7F4949719A9C2B8318317B83AF27F303230600000AF4483BCD3B47DD1694659B06D2D2934CD47D8047CBDD77C324E34B092F6D59CEF9CDBE5413D1BEE3E3A3597D7D91282724C48A724ACAC7C238395B3E30F05E9697B75B94737292D5F71F78E0870ECB9E3D9BCDAAAB4F38ACBB68D14BEAEBA2A283E23D8BA550FD9CF6BB7EFD72515EB06016ABAD3D29CC5765659EC3FEB4384F06165AC400004007CC540CD84A49DB3123DE6CC45A1A30E986113BAD8968DFA3473FCC9293D789F2CC99A1A24CAD61CF3E3B4E5D2E33731B9B3EFD59B1CCBE7D9BD475131256A9E5AD5B3F74D8F6F0E1F7B1471F7D888585FD4CDD7EBF7EB78932BD470A0E7E8059AD450EC79294B456E9EA4C13EF93210C0C1CC2F6EFDFA2E9793298C1C718310000D00954296F90E4A7A8EEC7E9D0E48649AD8F93A5B6E7F9E337FB124D74C34CC9E5E4E438514E4D5D2F4C936D39ABF514ABA9C957C695C5385DB7A0602F6B6AFAC6E97E4A4B33C4327979BB9456B0934E8FC566F452523E52DF8F8C5C24DE3F7F3E5BD3F36430838FA7260100402790094B92DC33D92F70A4AD16302746AC5813D1BE4342467103B6566911FBB9280F1C783B5BB0E0B74E975FB7EE6DB59C9B9BCCB2B31315A39425FE9E3C99E674BDE5CB5F57CB6161535A2D43664F36747BC4DF65CB5E15EF4747BFA10CD24FD7F43C19CCE0474BFAC823166E771CD1A8120000DEC64CE597314C98CE5BCE18FB4673C92D626B9D7E565D7D8C1BAD4CA515EC03D6D474CAEE4103795DB3799792676CB6BA5E4DCD71C554FDB1D5BE48B45DFBF76CCBE5E5ED6499999FB1A79E1A2374F0E016E54180559A9D1B8319FCE9923E32EB9BED8E630A2E750080374103F3699C08BA230D61C48A34972406CBC7B5F9397D268901F389E27572F21A87CFC68DFB6F3661C258565E7E88592C27D8FEFD1B5940803FB35ABF76BABD952B2394A72D3F6667CFA6B38282CFD5CF4A4AF6B32143EE64EBD7BFA3BE77F0E06675792DCE8DC162CA5F729C6B72A006C7603F3ECCA2D13100008066D0D391E80A308C113BA5B99A9ABED6C571E8ED584892319FF8B31F27B65883FDC7D9ED3F0E973900C0DBA0D6303C1D6918235608E958063562F6DD93541FB8338DC530A525CEB6FF11B8CC0100DE04256BCDC069309211FB1AD2B10C6AC4680C99FD18ADD7346A8D4BC0250E00F036C22539592B308C113B09E95892719391DAB78A59DDD43235BFC53E314E1500E075D0535293711A8C64C4BE82742CC9D859E193EC8C5181E4DA59344225C72EC9D9B8BC0100DEC821FC0A359A112B80742C831B313FAE0AC931B1AA8F8B4C588D8401FA00002026F0C6DC9186326227201D4B32FE3C89C14ABD60FB5F680C977F176E7F7E8B96306A95EF8B4B1B00E0B537769C02A319B17C48C7F2906B8A862B58ECCC12B55E7DD724ABF474E401C971CA25983000006EEC3805463362C7211DCB83AEA910C9B1FBD0669C6E763E4A1AFA10D7A215CCD61D09130600C08D1DA7C06846CC0CE9581E764D512BD619A9F5E4E1C5929C089A9EB4A4A72B6DE3C87C14E345AD67E15CB94ED625438681F900000023665423760CD2B13CF09AEAAB98AE1A27A6EA669520E1E1200000801133B611CB83742C0FBEA668C03EE51CACBA49F34563CDE22464CC0700001831A3D3BB77AF668B258BDFF08F423A545D5D66892477BD7932D4FD48E3C7222579CC58CBAECB32494E7B41F3D7529A0A4CE00D000030629EC17DF7DD73C1648AE537FD5C4887DAB62D6A8724E7E60300000060C43C8DC71E7BE0D3888817F94DFF08A4434D9AF458BCD25204000000C088791AFEFE7704F9FBFB3658ADD9FCC67F18D2978ABB75EB962FC909510100000018314F64F0E0EFE54445BDC26FFC39908E3471E263AB24796C140000000023E6C10CEBD7EFD6DA8C8C3818209DC8645AB54D9207A923350300000018312F20C4D777C01598317D98B06EDDBA15F1EF6422C2120000008C981799B15EBD7A562F5DFAD225AB350BA6C8FD2A56BA23CB60C2000000C0887927C3BA77FFB7DD7DFBF6299F35EBB923BB76BD5766B1A4C324B94875755F966CDBF6F60E7A3A5219984F63C2D01D0900000046CCCBA1ACE594F5FC8024673267904B44C95A294F18A5A8C0D39100000060C480A1495262B0074E05000000183100DC07B5285995181C8FD301000000460C00F79120DDE8F2C3B44000000060C400701323A51BAD6136E1C943000000306200B88124A9F540786A15C35831000000306200B81067AD61364DC6E901000000230680EB4891DA4E0F9181D303000000460C00D7D05E6B18C68A010000801103C08524491D274DC5139400000060C400400C020000E888FE92DCDD31C64E01382DB80902C420000000D718AFD95C5BB8CE7015487277479C222AD37C7B65923C28389C6B284E1B6E820031080000E0DB338C6BA562BCE86F0857DF7696F7E11A2DC993F39E510CDA189C46DC04016210000040E7F1E38AE62AE45AD881F96A0F9ACBEE8062C8D042869B20400C020000E880E95CC592DC15D95519B7272BDB0C9790C51B37418018040000D00A6AB1A2F15D3429B09F0BB64FE3CCA8952D5792BB3C71130400310800004092BB1F694CD74CC9F52D56A1CABEA6E026080062100000BC194A4141D39B6CE0F277E37EA945AC40D96F5F2F3CEFB80902C42000007831F474E35B929C6E628A86C7404F625257A5B70DE4C74D1020060100C04BA15630B362C4FAEBE078262B86300C37410010830000E0A95017609462C2C6E8ECD8A8AB929EAAA4AE4A6F78AA12374180180400002F8292AC1628464CAF63B2A8758E32F77BC35395B80902C4200000780164BA62257940FE48831C333DB95921C9C9603D8EA2A2A2E7434343E9261880F00488410000F05CC8C85066FCD7247960BC91A0C1FBB9CAB17B0C8C319F73E7CE55959595B1418306ED408802C4200000781E948C95C65AD1D442F71BF8FFA0D6BC14E5FFF0885FEE66B3F913A6B071E3C67392FCA0020088410000F0106CC9522941ABA70C7A9FAFFC4FC146FE27AAAAAA8637363636333B9E7CF249FABFFA236C01621000008C4D8074637A227F0FFCFF4648F2C3068B8D6A300B0B0BBF612DB8C0E9DDBBF772842F400C020080710993E4B160611EFE7FF6578C268D6B1968A4033F7EFCF85F581B2C59B2E482649C07298041410C0200C0CD1120759C6682523C9824B9256CA0179D9B6553A64C619B366D6A8C8B8B3BF7EEBBEF1EE63792ED2FBFFCF2F2575E7965E1D4A953C749AE99B4FC5BC1EF737ED7AE5D6B68EB26D8D4D4541F1818784CF28EFC69003108000086204992BBE19C4195258D9BA2AEBA29DE58793EF8E0833956ABB5ADFB0AA3CFCC6633BBF3CE3BEFD5FA584F9C3891C13AE0C891236794EF1400C4200000684C9824275BB44AF2D8287BA8FBE09024CFD1E8CD036CA7E4E6E65EE9E8E6326BD6ACCD5A1FE8860D1B3A3A4C565353B34FF9CE7D10FE0031080000DA41E6AA42A91049A9CAFBD4EA4539B5682CD8449C26A9EF8B2FBED8D0D1CDE5B3CF3E6BD0DAB03EF2C82373DAEB16E25882828236A1350220060100407B62ED4C984D8B24B9158C26E9EE8B53243364C890A4868686EBED19B1BABABAC60103062CD4FA58172D5A74B2AD63CCCACAFA4092673EC0F81C80180400000DA1C1F7562746AC916B2C4E4F2B4277EDDA75A1A356B1B0B0B0721DDC6086F29B9DA5E5B13537371FEFD9B3E771094FAC01C4200000684EAA131366532C4E4F2BFA8E1F3FBEC37162FBF7EFAF93E444B79A3271E2C4E8268EFDB1CD9E3D7B8D244FC40E00621000003464763B26CCA6609C26477AF5EAB5ADA6A6E6724766EC473FFAD1211D1C6E8FE8E8E872BB449AF1923CE60F59CD0162100000348472809575C288610C476B42D7AF5F7FB62323161E1E6ED18391BDFBEEBB9F3877EEDC759A70D9D7D7778F8479FE006210000034671B17759F5DE54AE7FA842B5292E78B0CE30A91E4C9BBFD60C45A410F2F307E7339F3D4534FE5CD9F3F3F93FFE2DFBF73E7CE03C78E1D4BBF78F162DEF9F3E76BD2D3D369ECDD763D1CF0CC993353424343C95827E0EB03884100402B18633E3131310B67CC9871342828C8E2E3E3D3514B0DF42DD5BD7BF7E69E3D7B36DE79E79D27860C191282E8BBF938FDD5AF7E95377CF8F0EBBD7AF5424CB9304EEFBDF7DE8A51A34625F3BF787004F524E20F0057B166CD9AD963C78EAD0D08086011117F6326531AB358EAE8D91AC805A2739B96B6974546FE83050606D60F1E3CF8A8D2FA05BA384E2B2ACA7513CBC5C5DF182E4E3332D211A71E544F1A2906117FC06B58BD3A769B9F9F1F8B8A7A8759ADF5340319E4664547AF60FDFBF7AFEBD3A7CF338848C429E214F10721FE8017552E43870EE5BF3ABEE481DE086928B3398F0D1C3890C68B21833EE214718AF883107FC0F39BD957CDA65F7819190769BA6407AD5AF53E9B38713C1B37EE49F6E4938FB39F848C65D12BA25A2D0775ADCCE6A3EC965B6EA942F33BE214718AF883107FC083A101A763C73E5E1B15F5362F3638286EED2A36E1E971ECF9E726094D9AF8140B0919C31E79E461B64254320D900B1519B9EC528F1E3DD210A58853C429E20F423D093C949898E50B0302EE66566B2D0FEA7A078D1F17222A969FFC64ACAA9FFEF40936EAD11FF34A26A8D5F250D76BC0800167242472459C224E117F10EA49E099CC9831FD6844C4EB3C98AFB7D2E851C1EC9D7F2E6349DBB7B298F7A2C42FBCC7463F22DEA7B2D57ACDE97A50D769EEDC3994113E12718A38459C22FE20D493C003090A1A69319976F360B6B4D20B2FCC6065E7CEB003FBF7B2949D89ECE38F56B36D099BD9A9C2AFD88BBF9BC91A1BAF395D0FEA3A7DF145EA79FE351D429C224E11A7883F08F524F0402809A1C5728907736D2BFD79D11F5966C67E969579801D399C2D44E5ACAC2FD99FFFFC47A7EB405D2BFA6EF8D764459C224E11A7883F08F5A42740D3A14CE15AC995C255AC7C79B60CBE34DFDF01AE58499E5AC6DF0BCE090FE46BAD64B55E618B162D64B37E1BC6B2B3D399F958AED0E1C3596CEE4BFF9F2D78E52576FDFA25A7EB425D2B2536BD1DC429E214F107A19E343023B9E2B868E25F9A38F935499EBF2F40729CBB8F8CD768AE9724790E2E5A3E55922745EDE1B9154C8D83EAEB2FB14F3FFD8405053DC80ABF2E60AFBCFC9283727232D9C88746B07FAD5FCD7F8954B45A1FEA5AA182419C224E117F10EA49A342C66A03570557F8B768E1F2E10A55CC5B2ED778CFAC60AEAA6A6EAE66DB1337B2471F0962458527D9B1BC232CF5F36496F0D92616FFAF756C75ECFBBCF28917CDEF3FFEF1436CE3C638D6D858E5B00DA86B850A06718A3845FC41A8278DC814C5804571F5EF82ED4D56BA2EE3942E4E0FAA60AA551DD8BF4BE4C0A14A252DED73F6D9D68DA262895BFB21FB60E50A16F5CEDFD95B4BDF10035257BEBF9C8D797C344BDEB1D9611B50D70A150CE214718AF883504F1A8DC5923CFEABABA73E18A818B1422E3FCFA960AEA8FAF3A23F88277EA82259B37AA5D0871F44B3E815FF646F472E656F2E799DFDF52FAFB1850B7ECF5EFFEB9F78E592C0FEB0709EC336A0AE152A18C429E214F107A19E34A2090B70E13EDE525ADB867A460553A58A2A187A04FB67539E651BE23F12150B55367F5F16C19644FC95FDE3EF4B44254395CEC409E3D9E7BB7728154C15E422A182419C224E117F10EA49237547BADA84D958A8ECCBCFF815CC6555478F1E647F7A6D019BFAB3C9A202A1A676670A0E1EC97E353D54FCEACBC9F9C2611B50D70A150CE214718AF883504F1A017FA595CA9D03EAA9F58D9EAEEC61EC0AE69283AC0D17D9B56B6758E43FDE60E3C73DC1468FFAB1C8101DFCE391EC115EB13CFEDFA3D8FC79B35975F569B16CCBF5A1AE152A18C429E214F107A19E34025B247960BEBBA1272A5F3276055309E958A86010A78853C41F847A52EF8C545AC3FA6BB0EF61CABE071AB782A980742C54308853C429E20F423DA977E2946E42ADA04CFD6F19B7822987742C54308853C429E20F423DA96728A71765C0D7723AA2A14AAB580F63563017211D0B150CE214718AF883504FEA197A52324307C74173548E3666057301D2B150C1204E3D244E7B20FE20D4939E09750B2ED4C17144E8AC7B32B593C690077119A4637978058338F5F038E51FFA9D38712263C3860DECE1871F5EA0334386F8433D09BA8014499EC05B6BE8184C7AFA05A7882A9AE0F62B98F39A88F6BD74E99F4479FFFE04367DFAF342C9C99F88CFACD6D276D77DF5D5399DDE5752D2476CF0E0416D7E5E5898CEF2F3F739DDCFC68D1F68768E6CC7E0C92D5D7A8FD36FFB9D2D5F1EC19A9ACE8A727CFCFB9D5AEFE0C144B17C6D6D519BCBD0F5B16FDF5651CECBDBCBEAEB4FABA2CFF414A7C78F1FFF4B4D4D8D95295CBB76ADE14F7FFA53A19F9FDF0F117F9DD3F9F3B9E2182F5F2E10DF377DC78989EBD8F3CF4F50EBCAAD5B57ABCB8F19F3287BEAA927584949368B8CFC8B109569B9B56BA3BC2AFE80FB705702D78EA06328D3E10DCEA694367EF9F1203EA78968DF64906C65F922BEF15942C21A51B65A4FB39A9AAF1D949D9D2C96292A4A17AF73733F17AF4B4B0FA9DB2829C952CBB4ED80803BD5D799993B9C1E0F6D67F7EE7816163655ADE43EFE7839AFF8E294CAF08426E7C90B8C982EE3F4D9679F6233674E13B144A2F29C3961EA6B3AAE254B5E7558876292DEAFAC3CCE366FFED021AE49274F1E68737FB4ECADB7F6E9301EE2E363D4F233CF8CE33F643E13A2D7F457ABEBD9F6655555550DFFE69B6F4A581B1C3E7CD8F2F4D34F7FC017F541FCB52F3252B7DDD657C4957D9CF8F9F93A5DDED777200B0979CCE9F7B371E3CA76F7E529F107DC8F55474DDD4CC73738FB5F7EA31D2B98B36E5565A5991BB075E278C68D7B9C5FD4EFB1E1C3FF93AD5F1FCD6F6E9942F4D9C18309EA3AB7DFDE8F1BAE93A2324A49592FCAA4F4F444565D5DA0BEB65A4BD475681B0F3DF45FBC72F9988587BF22B6F1D7BFBE2C5ECB95D2FB0EC745FBA5BF4D4DA5EC473F1AA62E4746CCD9F2EE92971931DDC4A933FDE007F7B0A0A0111D7E5FAB5747AAE52143EE62A9A91B447CE5E6EE66B7DCE2D3E6BA1473F28DD0F9E766F35EFE43E15FACBC3C4F3D57F5F5C50EFB4E4858AD599C727CCC66F3278D8D8DCDAC039A382B56ACA81C366CD824C49F73D5D6168AE3B1D589F4DDDE75D7BFB31933A638D495F9F969EA3A544F515DF7873FFC4EFCA0947F54CA755961E141F199A7C61FEC10CC8F518C98FD2FBF60B98239A389E416B13851A6CAE1D14747F28AE02321FACC6CDEE3B0FCE5CBC7C5FB0B16CC52DFB3584E89F7E806E96CFB5BB7AE1265DA664080BFD3CF0A0B0FA8FBA4727DFD37AAE45F7FEFA9E5BCBCCF35394F5E68C47413A7F6BA61C49C7F7EF6EC2135AEE986595292C1FAF5BBCD2166DBFA8EE9064A71E8EFFF7D76FEFC61F11EC5B76D99CACA63EA72B65894BB40DF10FB21C93F603ED3E4DC8C1F3F9E5DB870A19ADD24E7CE9DBBFEEB5FFF7AAFA44D2E465DC79FED7B4E4BDB24EABFC58B7FAF741D7ECD7F846E6B558F92C8F88F1EFD70AB6D35359D566388B6E569F107238616B1CE5ED4BA1463A59A88F6FDE8A30FB1820293B869D5D414A89FD1C56C36A7AAAF4F9EDC27963F7F3E875700BB1DB69196B651FC0D0DFD9F56DB7FE8A11FF1CA651D0B0F7F5969119B2F5EDFA8304A790555A22E9F9F4FBFF8D67393F621DBBFFF53551F7FFCAEF87BE1C2114DCE13A45D9CDAEB861173FE39DD946443BF5FF97150CA6262968832C55DEFDEBD5854D4EB0EEBD862FBECD96CB18CDC2251CA7272E4EE77BA3E6CCB76EFDE9DE5E6A688F7296EE51F141F3AC44A4242ACDBCF4B71713ABFFE42595959D9CDFA30B10EAD8BF873546969A6A8EF6CDF6B7C7CB45AA698907FACA6DA1931C7782233463D0EAB57FF8305073F28FED238D9DFFCE6E71E177F76F524F0F23162FE3A1F2366D321AE8976E69507F169B7AAA8E800FBDDEF7EA58CE9CA609B37BFCF2B9915AA41FACD6FA68AF2F0E1F7F18AE673751DDBFAB44C79F911B1AE3C26618BD3FDDCA8244E8BEDC92D62AD3FB37F2F2161955A0E0E7E808585FD4C3DAEA4A4B56E3F57B663F1C21631CDE3D4996E18B1D69F513CD6D49C68152BF49AE2A8BDEF77DDBA7FAA712ADF08E5CF962EFDA31AEFF4FAF265B955E2E44993D338B68F612DE274D0A0413B366CD850D6DCDCDCD8191376E1C285F8EF7DEF7BF490538246F5B8AEE3EFECD92CFEE3700F37F65F305FDF3BD8BE7D9BD478904D525AA7EA265A66D6AC6962BD96F5A527C51FEC9076505FFE181D1C073D357940C737B896158BDDD88712B7CA6239A9562474F36A6AFA46F975B75BFD4BEF53978EB3F54B4ABE141587DC1AB6A1CDFDDC68118B63E1E1F39516B179E2B5DC22F669ABE50B0AF6AA066FC28427F80D748ABA7C66E636B79F2BDB71799111D34D9C3A936CC48677F87D6DDCF89EC36B8A232AD7D616B0DB6EBBD5E133F92628BFA658936F84F26BDBB5111DFD06B35AE56E781A6346CB9D3D2B8F0F8A8C5C24AE0992B3B8D6204E273FFEF8E367CE9F3F5FDE9601E346EDF80B2FBC10CB972DA4E5117FEDCB1607B6EF383F3F556979955BB3121363597D7DA15ADFF9F97D8FCD9BF71B87FA8BEA33324934FED5C3E30F6800E5119BAF83E3A03C62913ABCC16528155D5BDDB73C888B3591FCCB2A8D9BA97851AEAE36AB177D65E511FEEBEB68BBEB7674ECE9E95BD57272F25AA5454C7E5D5E7ED8E936A9EBA8A6265F949F78E251A5225BAB18B104CDCE93171831DDC6A9BD7EF08300C588B5FF7D6DDC18ADBE8E89F99B588FE2283474129B33678678BFA9A9A8551CD232F28DF0C67B742DD8CAB5B527C45FBA367273E5AEA39C9CED0EFB4E48F8500F71DAB777EFDECB232222CA1B1B1BEBEC3C98252B2BEB839E3D7B1EE7CB4449DACC0F6C98F8A3EFFEE38FDFE166E96DF5BBDFB76FA3F88EC9D0531C90196BB9DEFEFD9BC5FF75E1C221F5BBA138B45FC6C3E30FB89950A5550C2D738EB4F5CBCE4905F38DDB65B5162ABFE84CEADF254B16282D62BBDA5C8F3E93C440D19D2C3E7EB9D2E4FE0BFE6BF064BBFBBB61C4DA5E86B6357DFA64B59C98B8CAE1B384840F3439571E5EC1E8364ECBCB73D833CFFC4488622C35F513D13D74D75D834599648B41F96674E3FBDAB87185C3EB19339E6B775F972FE78A6DAC5B1729B6EF6C990B17B2D51F20B46FDBB6B76E5DE9B0AF69D3FE475C5F3A89D391818181C7727272CE5DBD7AF58BA0A0A04D8AE91989F8EB7C1C4A224DCA028738387F3E53C48B24D2EEEC70FA7DFCF39F7FE6E6295F7992779937C61F7013F4A44D8DC6BFAC029463F031E0F9E3415CE4762525C58A0B67CE9C5FF14AE088FAFEE6CDD1FCA6F5ACF88C6E7AE5E587584D8D99FFC2DBC89E7AEA715EB12C72D88EC5728257306FB19FFDEC6965AC44ACD3FD25267EC87EF8C31FB47B4CB5B5C7D5B26C0ED378E593C52BC057946ED4839A9C2B5430DAC529C5D7B7F9BEE2E3DF75783D73E6CF3B5CCF6C4E51921C2F6C7399FCFCDDEA7151CBDCA38F3EC87F64AC616161CF8BBF14E72121A344594771DA43E9B560CADF1E88BF9B13D57F393989E26F60E01087CF52533F664386DCD966FC46452D567EE0A6786BFC013791C415A671B764AC716F70A7201D0B158CB1E3B4A9E96BC4E90D4386F883504F7A28E3B9CC1A5DE8D4125721C94F4D1AB4822984742C54308853C429E20F423D690472B9A66BB05F6A098B367605F335A463A182419C224E117F10EA4923304692F378F9B9799FF4F8755F63573027211D0B150CE214718AF883504F1A056A9DDAE0A62ECAA14A976488F12B98AF201D0B150CE214718AF883504F1A0532603456CCD5F9BC029496B0F99E51C114403A162A18C429E214F107A19E341203952ECAD75CD8124626EC2DCFA9604E403A162A18C429E214F107A19E341AF40463B10BCCD218A53B72BE675530F9908E850A06718A3845FC41A8278DDA324613C9D2D394F77FC76D518A0ADBBC68219E57C11C87742C54308853C4A9CBF041FC21FE80EB7949E9AA242335E226D70DE00A575AC1684ECBBE9E798333433A162A18C429E2D4353D273E3E3EAC57AF5EBB7879B6D47E2E487CC7883FF01DE9AB18AA33923CCF190DE6A7095E87B558CE4F69F1A24CF93477648D62E0FC3DFB06770CD2B13A51C10C55BACDC32463672F479C7A769CEA891E3D7BF6CC3C75EAD471ABD56AC9CFCF2F7FE79D771AC2C2C28AFBF5EB47F78760C41FE20FB88E60C594A548F23832ABF20532A5E5CC66D4C648C69C3BF25BDCE0F2201D4B894DFAD1409313D3432851923CAD5781F263C1B64C2EE214D2384E8D42644242C251E6046ECCACD9D9D975313131D7FEF8C73FA64D9E3C7916E20FF10780CBE8DDBB57B3C592C503F928A44355577F596267B43AD26B8853480BD5D56596283F6A8DC0C4050B1614B14EB27AF5EA66BABEF2F2B6E0BB46FC01D0F5DC77DF3D174CA6581ECCB9900EB56D5BD40EFE351DE6DAD60923360C710A6918A7870C104AFE43870E3DD3D4D454DB191366369BAB7D7C7CAEFAFADE7115F187F803C0253CF6D8039F4644BCC883F908A4434D9AF458BC74234171783B26EC10E214D2499CEA951E7DFAF4C9BA74E95271674C586363E3793F3FBF1374DD21FE107F00B8EEE7A1FF1D41FEFEBE0D566B360FE8C390BE54DCAD5BB77CC971E0705B66AC5A929FEC1D8338857410A77A24323B3BBBD35D9253A74ECDE6EB7C42060EF187F803C0A50C1EFCBD9CA8A8577840E7403AD2C4898FAD92E4A7775BB2B28509B32A068C9EF62D5614CD355AF2A0A72811A7868B533D31F1EDB7DF2EEDAC098B8D8DCDE1EB1C90EC1ED842FC21FE007025C3FAF5BBB53623230E17B64E6432ADA23161F4146F5BC98863ED8C58468BCF285F1E3D5949F9EF0A15833602710A6910A77AE0BFE83A993E7D3A7BFFFDF71B0A0A0AAA9B9B9B1BDB3261870F1F3EDAB367CFAF24399D11E20FF10780DB08F1F51D7005958C3E2A976EDDBA154972BA8AF6B099B1D9ED2C335A6941B3E5D0A3272B87214E2137C6A916D06C2861D28D3445D46AF26BE55A89EDD7AF5FDE2F7EF18BC6B56BD75EFEEAABAF2A28650599B0CACACAB303060CB8D8CE3582F843FC01E0DA9B5CAF5E3DAB972E7DE992D59A858BDDFD2A569AD9CB6EA2722193D59984C33D94EECB38AE2AC5942D948C99AC18716ABC387507D48D18AA98AF3225D6C7B7D33D4FCB8F247376DB6DB7ADFDE94F7FFAB5BFBF3F537EBC20FE107F0068D7FDD3BDFBBFEDEEDBB74FF9AC59CF1DD9B5EBBD328B251D17BF8B5457F765C9B66D6FEFA0A77E9401A7A96E6866A71B10CD2C4103912921AC896BA624CFCF8A3885F412A79D8D65325B1B941F181B94D73E88BFF6555CBC1DF10780CEA1314534B68806AC5AA4CE2715856E4E34D09E524F389B56C51DD0F45FD3B91294EF3941E9BEE98F38857414A7CE5A77572AAD22294A4B980FE2AF731A3F7E3C0B0D0D45FC010080CE20F3F5927263B328AD0B5ADDE0006849B062BE8A95565C23FD60D00D8C319F73E7CE55959595B1418306EDC0190100007D424F8CD1C07E1A4B465D3E1D8DB701C015D0A0F9B714F395A1982F7F9C966F8FD96CFEC4F684E8C68D1BCF49F230050000003ABF19864BF224E3F4F4A52D712C4C19700501CA8F800245AF29EF81EF485555D5F0C6C6C666FB741D4F3EF9245DD368590400008340DD43B6168A334A196336C077C55FBAD1025BACC4D5309C96AEA5B0B0F09B9679D32E707AF7EEBD1C670700008C69CA6C39CAA8E5221C374F7093E68BBA1A4D8AF95A0953EF3A8E1F3FFE97B692D82E59B2E48224A7F20000006040A88B92C68FD9E7287B4DC2581ED01AFB44AB1512BAB9DD02F75A7ED7AE5D6B68CB88353535D50706061EC3F7000000C6C79654939EB8B4E528C3006BC4842DD1AA3B737D018513274E647434BFE6912347A8657B3ECE160000780EF6AD1F35CADF30090383BDCD905749DAE6FAF27A366CD8D0E144E7353535FB24396717BE230000F05053661B0F5423214799A79A2F5B177585845C5FBAE191471E99D35ED724C7121414B449428B1800007805F64FC8D9E7288329331EF659EE6DE303D115AD43162D5A74B22D17969595F581F2DD618C1800007819F639CAAA240CDE360A2D9F9845AE2FFD33941B2E4B4B13D6DCDC7CBC67CF9EC7253C35090000306552EB1C65A361CA7465BE6CDF0F727D1990891327463771EC8DD8ECD9B3D7F08FA27076000000B4BCE9DB2675364BF2C4CA23705A3431C7E1D28D591590C0D7D8F4888E8E2EB74BE61ACFDF2B94308E0F0000403B8CE18A564C198D63592CA11BCC95D0B9A541DBB912BA8B3D8EBBEFBEFB8973E7CE5DA749BF7D7D7DF748986B120000C04D9A321ADC6F91E4A7F2C8300CC469F9CED024EF34C8FE8062BE3EE19A22E1010A8F64E6CC9929A1A1A194AA220167030000C0B7A1AF24E7244BB23365F41A5D2C9D87CED574E5665CA5FC9D8E73E835DF3D19B1A13815000000BAD294518E326ACD99ACBC0F1CE9A19C1BCAE35661676071AEBC0F8653000000A0ABA16E4A5BE258DB5C8613715AA410AE58E59C1C92E474137E382D306246E5E5E5A6F12FAFD8FBD3F9CBF7FE6ADE7BA689AFC47C7127BDFFBBF70FDCCEDF7B373C3CBC1BBD9EF7EE9E875F599EF6F4CB2B4C212DC5975B8830000000D79B321A744E4FFCD1807F6F7AE28FFE574A4B607BF2946E3AF7232C802718B179EFA6FD98CCD7BC1569BF7F31C6D477EE8A9DFF6FFE8ABDF3B9C1DA1C1E6752C736D27BB33E4CEAE3741B2BF6BE8430000000F740C92A6D39B0E871FD48C933C7C750BA8908E57F2C54CA64C8F0C423F02823F6F28ABDCB84D15A6EFAB3CD98CD8B36FD5CB47445A77D78C388A5BD2F2F9FF6B8DA12B622ED39B1CEF2B47710060000A0AD29A3FC58940EC3C853F20448725763AE62BEA8E50F39D780871BB1B437A8FB919BAEBFCC5DB1E73F6D5D93F4DE8268939A68D8D6FD68335DE1E19B7BD17B73DEDB7307193784010000680B19165BF71D8D2BA34ADB082D65B66ED75449EE76A5B1709885007885119BF7EE9EFF9ABF3CED4F64A4B8115BF1FBE5A6FBE74799C48F8F792BD2DEE49F0F5297E5068CCCD7CBCBD366C906CE14322F3AED7F685C19B5A2210C0000401FD098121AD44F39CAAA14834339CAF4D45246290742B95214E3484F8762B274E075468CA0962F326064BCE8F5FC157B7F4103F3E9AF6D9997A3F60C21B3F6CAF23D63E7AF30FD727ED4FEEFD398B205EFEDBD9BFEDA06F4030000D09F29B3199E1AC594CD94B449F1D0573916CAF155A1FC9D0CF3056E9224C578B5A74346F847449722375FF4D4240DC2A72E4A7A7F5EF4DE9FCD8F36BD6EBF2C8D05A3562F7A92D266BAC2C34DA2D5D866E0000000E8DF948529668C12C76628AF5D99CD9F5ABE28ABFD16C508A648C8F505BE1B342ED2DA8111334C9A17D1D52806DEEF5D46AD5E6220FE72D3FF72E3F51E8D17538D18376694E2C259EA0A9B81030000601CC8084D568C1199324A0941DD83D3951BDDB7CD484F2925A8D58B1E20A02986E8018258E53D64B9075D454A3B268C7E60186A7CA1C823C6CD97305A312631AE93D256500E31EA82A4D7F3A24D2FB4B93E5F0F21010000C6855ACA282D0475596E514C19B55ED1538B34E89F32D7D378B3F0168A55CC1B19AE62C5D0152ACBCF9790E70BB88E91ED18314CFC0D0000C023CC1919A93192DC4A46266D710B23464F3A8629CB0C9530D60BB8176763C5686C189EB605000000007031CEC68A610A300000000000379120A1350C00000000401382ED8CD8789C0E0000000000F7621B2B86D630000000000037637B821200000000C07830C67C62626216CE9831E368505090C5C7C7A7A3CCF5D0B754F7EEDD9BEFBDF7DE8A51A34625F3BF63117D0000008017B366CD9AD963C78EAD0D08086011117F6326531AB358EAB8376B865C203AB71919E92C32F21F2C3030B07EF0E0C14725E4DC03000000BC8FD5AB63B7F9F9F9B1A8A87798D55ACF8D4213E4664547AF60FDFBF7AFEBD3A7CF338848000000C08B4C186B83B0B030B52B6DEEDCB9AC6D1AA12E90D99CC7060E1C7855421E34000000C0F359B366D56C6A09B3273C3C9C7DFAE9A7A23C72E448B673670ACBCCCA6283060D12EF6DDFBE5D18B3868606BBB5AC5017C96C3ECA6EB9E5962A09DD9400000080E74203F3C78E7DBC362AEA6D61A5AE5DBBE63098DC643289BFFBF7EF67A74F97B21E3D7AB0949414F1DE9E3D7BC4DF4B972E2946AC01EA4245462EBBC4CF771AA214000000F0506262962F0C08B89B59ADB5C24A9D3D7B5698ABCF3F4F65151515A23C75EA5456CECB0D562B9B31E37FC57BA5A567D8D5AB35A27CEAD429C588D5435DAC0103069C91E444B500000000F03466CC987E3422E2757ED3BFAE7630BEF1C61BAC77EFDEACB2526EE9BA74E9B2DA4276F1E245D972D5D78BD7FBF6EDB3EB9ABC0E75B1E6CE9D435335452252010000000F242868A4C564DACD6FFA16D1D5B87AF56AB53BB2B6B68EC5C5AD13E5499326B1C993278BF2B2657F67D7AF5F17E5E4E464B672E54AB669D326B10DA86BF5C517A9E72579DE4C00000000781A94ACD562A196AF5A87B161090909ACA2A2529469E0BE8D254B9688F70A0B0BD9A9A2228775681B50D78ABE1B7E6EAD1E1E8603B94225B9E5CFC47546724C7C5BC695C115CB35932B00572E0000004F8186E80B51B9E65A9D6ABAE8F5D34F3FCD9A9A9AD4F7A83C6DDA34C578C9D8C68AD9B60375AD24CF9DB229842B81CB22DDDC8C0456C5988549985314000080F18D588D90FDCDEEABAF0AC4DF091326B43262BFFCE52FC567555557D4E5172D5AA46E07EA5A79A011A3F9400F495D334D5481D24A0600000018D5885D5524337BF66C969D7D885DA9AA12373B1ABC6FE3CD37DF549F943C7E3C5F18B5B2B2325BDB18E4027998117B4B69D16AD9C295C215CE35866B28575F65791F49EE8AA42747172BCB396B41A3F7FD713903000030A011AB163A7DFA349BA6B4765DACAA11D62A76CD5AF19A06EA3FFFFCF3A24CE3C4E49C63B5A2EBF28E3BEE60870F1F56B70375AD3CC48891B132B5304F35923C2E2CE026B7D59FEB35AEC216DBAB528C1C0000006024237645E8D8B163E2864613ED5CA8AA65193979EC5A0363BBF765A837BBA2A222D6DCCCD8C18307D9CE9D3B594D8DDC75B665CB16753B50D7CA038C1899B0032D4C5386D2F2F55DA0F161F35BB4B091B99B82CB1A000080818C58952226C67AD96E6AC1C1C1C2849131ABAA6D6057AE59C432639F0C6123468C60F7DC738F58EE85175E50BA26AB2017C8038C58CB96B070A96B07D90FE332DB6D9FBA2E314F27000000A318B1CB8AE4298EA87B927289F9FAFAB282A252565557AFDE44AF5CBBCE8E1ECB57E79CA43C6294815FE632E40219DC88BDD5C284B9AAB58A5ADD525AB48C0DC3E50D0000C00046EC9222E6F07424B588CD7C713E1B3DE627A21C1D1DCDEEBC2B80151416B11FFC4720ABACAC648E5C825C20031B317A3AD2DAA225CC95D0C0FE54C931FFD8405CE2000000746EC42A15391AB11D3B76A82D19191919ACAA4AED261359F81B1A1A5A18B14AC80532B011CB951CC784B923E71719AF0ABBFD46E112070000A073235601E95806356221926337E15037EE7B628B7D07E032070000A06323560EE958063562497666488B49CB1334DE3F000000D059237611D2B10C68C4A87BD09674D5AA518BD448C931BF587F5CEA000000746AC42E403A96018D58A8E498F15E2BEC13BE4EC6A50E000040A746AC0CD2B17466C4E8A9C4D11D2C1329B9EF49C9F6889030681F000080FE8DD879CD45C71113B3B4C3655E7D758E5A4E49F9975ACECD4DEDD43ECCE634F1373F7F5FA78F6BCE9C5F6B7E6EF4142F8AC89005B7B18C7D02D7D11A1EEB9416C70B000000E8D1889D73BBD2D3B7B3E4E44F5858D854F1D7DFFFFB2C38F84151262526C6B12143EE7658878E75DDBA77D5F2E6CD1FB62AB727D988ED659999725A8E93270FA89FD5D47CADAAA4248BF5EEDDEBA6B6ED4AE9D488D9773DB6345B67EC3E1FAAE1B1DE2F39E61403000000F468C4CEBA5DB2C1F9407D4DC6273272B1FABA67CF1E6CF1E279A25C5A9ACDCDD9C7629D279E18C5B66E8D15E5C2C283EAB60A0AF6B1BCBC5475FD9A9A93E2FD679E19A7983D79FDE79F7F5A9469DFF4FAFCF92362F9DB6EEBABAEB36E5D9428DBB64DFBA3727E7E9A66E74AC746CCBEC569B49365FA6A78AC3E2D8E05000000D0A3113BE376592CA798D9BC8755561E13920DD03BA25C54F4251B3C7850AB756CCBD8CAB7DFDE8F2526AE15E5D4D478F1975ED3E7F5F5DF88D74949710EEB2F5A34579469DFCE8E4B36752661BA92933F12AFA74D9BAC96F7EDDBE2F67365102366DF42A627F3032306000040EF46AC5413D1BEE3E3A3B9692A12E5848458514E49F998DD7A6B1FA7CB0706DECBF2F2768B724E4EB2FAFE030FFCD06159DB36C9B8EDDEBD9E4D98F08410EDC3B6CE6F7EF373A7FBB02D637B9D98B8C6E967EE3C4F06165AC400000080F68DD8694D44FB1E3DFA61969CBC4E9467CE0C15656A0D7BF6D971EA729999DBD8F4E9CF2A2D529BD475131256A9E5AD5B3F74D8764DCD09F17E49493A4B4BDB28BA3A4F9E3429AD67FF523F73764CB6EDDA5ED33139FBCC9DE7C9002D62872439A33D4D6384316200000040E78D588926BA616C4A14C31327CAA9A9EB59BF7EB7A9CB59ADA7B8B1CA57C695C5385DB7A0602F6B6AFA465DC766BA6A6B0B584ACA474A5767896815A3F7D3D33F6BF398424246B3ECEC449697B74BBCAEAE3EAE7E969818ABC979D2B111B3376036F0D424000000D0792356AC8964D3338A1BB0B54A8BD8CF4579E0C0DBD98205BF75BAFCBA756FABE5DCDC6461982431E83E4B7912324D7C4EC66BDAB467587EFEE72C3070089B31E339F1FE9C3933C472959547547377E1C221D5581C3CB8C5617FB2F12B6616CB574A6BDA7A4DCE930E8D184DE23D59723E9177B4A48F3C62E176C7118D4B1D0000804E8DD8379A4B6E115BEBF4B3EAEA63DC68652AAD601FB0A6A653AA71B2AD6B36EF52F28CCD56DF2B2DFD921BB1DDCA139626A56B73038B8F5F2ECABEBE77B0CB9773D57DD8F667DB3E6D333777072B2FCF618989ABD8DAB5FFD0ECDCE8285E9CB580B564BAA48FCCFA66BBE398824B1D0000804E8D5891E6924482D6B8363FA7CF2431403F51BC4E4E5EE3F0D9B871FFCD264C18CB4DD3216EC00EAACB91AAABF35852522C375D47D4F70A0A3E17DB8B8C7CCD613F4545FBD82DB7F8B0CACAC3E2755353215BBEFCAFCA38B4F7353B37068B297FC971AEC9811A1C83FDF8308B46C70000000074C6889DD25C4D4D5FEBE238F428C9984FFCD98F135BACC1FEE3ECF61F87CB1C0000808E8D5821A46319D488D9774FD25394EE4C63314C6989B3ED7F042E730000003A36625F433A96418D188D21B31FA3F59A46AD7109B8C4010000E8DC889D84742CC9B8C948ED5BC5AC6E6A999ADF629FF7E312070000A07323F615A46349C6CE0A9F64678C0AB8FABB705FA1926397E46C5CDE0000000C60C40A201DCBE046CC8FAB42724CACEAE32213562361803E000000E319B113908E25197F9EC460AE2A3B934463B8FCBB70FBF35BB48451EEB2BEB8B401000018C488E5433A96E419135653167E8B9D59A2D6ABEF9A64959E8E3C20394EB90413060000C06846EC38A463798811234224C7EE439B71BAD9F92869007E5C8B56305B77244C18000000A3193133A463799011B3B5629D915A4F1E5ECCF596243F69494F57DAC691F928C68B5ACFC2B9729DAC4B860C03F301000018D5881D83742C0F336292D26AF59693D6B16FA30409292A00000018DB88E5413A96071A311B34603F42721CC8DF19D158B3380919F3010000189DDEBD7B355B2C59FC867F14D2A1EAEA324B24B9EBCD93A1EE471A3F1629C963C65A765D964972DA8B68494E538109BC0100007806F7DD77CF05932996DFF473211D6ADBB6A81DFC6B3A8448050000003C90C71E7BE0D3888817F94DFF08A4434D9AF458BCD25204000000004FC3DFFF8E207F7FDF06AB359BDFF80F43FA5271B76EDDF22539212A000000003C91C183BF971315F50ABFF1E7403AD2C4898FAD92E4B15100000000F06086F5EB776B6D46461C0C904E6432ADDA26C983D4919A01000000F002427C7D075C8119D38709EBD6AD5B11FF4E26222C010000002F3263BD7AF5AC5EBAF4A54B566B164C91FB55AC744796C18401000000DEC9B0EEDDFF6D77DFBE7DCA67CD7AEEC8AE5DEF95592CE930492E525DDD9725DBB6BDBD839E8E5406E6D398307447020000005E0E652DA7ACE70724399339835C224AD64A79C22845059E8E0400000000000000000000000000000000000000000000000000000000000000000000000000000000000000000000000000000000A07FFE0F813956039A66080A0000000049454E44AE426082, '1');
INSERT INTO `act_ge_bytearray` VALUES ('6', '1', 'taskBook.bpmn', '5', 0x3C3F786D6C2076657273696F6E3D22312E302220656E636F64696E673D225554462D38223F3E0A3C646566696E6974696F6E7320786D6C6E733D22687474703A2F2F7777772E6F6D672E6F72672F737065632F42504D4E2F32303130303532342F4D4F44454C2220786D6C6E733A7873693D22687474703A2F2F7777772E77332E6F72672F323030312F584D4C536368656D612D696E7374616E63652220786D6C6E733A61637469766974693D22687474703A2F2F61637469766974692E6F72672F62706D6E2220786D6C6E733A62706D6E64693D22687474703A2F2F7777772E6F6D672E6F72672F737065632F42504D4E2F32303130303532342F44492220786D6C6E733A6F6D6764633D22687474703A2F2F7777772E6F6D672E6F72672F737065632F44442F32303130303532342F44432220786D6C6E733A6F6D6764693D22687474703A2F2F7777772E6F6D672E6F72672F737065632F44442F32303130303532342F44492220747970654C616E67756167653D22687474703A2F2F7777772E77332E6F72672F323030312F584D4C536368656D61222065787072657373696F6E4C616E67756167653D22687474703A2F2F7777772E77332E6F72672F313939392F585061746822207461726765744E616D6573706163653D22687474703A2F2F7777772E61637469766974692E6F72672F74657374223E0A20203C70726F636573732069643D227461736B426F6F6B22206E616D653D22E4BBBBE58AA1E4B9A6E5AEA1E689B9E6B581E7A88B2220697345786563757461626C653D2274727565223E0A202020203C73746172744576656E742069643D2273746172746576656E743122206E616D653D225374617274223E3C2F73746172744576656E743E0A202020203C757365725461736B2069643D22757365727461736B3122206E616D653D22E68F90E4BAA4E794B3E8AFB7222061637469766974693A63616E64696461746555736572733D22247B6D6F64656C2E757365722E757365724E616D657D223E0A2020202020203C646F63756D656E746174696F6E3E2F70726F636573732F7461736B426F6F6B2F72657175657374466F726D2E6A73703C2F646F63756D656E746174696F6E3E0A202020203C2F757365725461736B3E0A202020203C73657175656E6365466C6F772069643D22666C6F77312220736F757263655265663D2273746172746576656E743122207461726765745265663D22757365727461736B31223E3C2F73657175656E6365466C6F773E0A202020203C757365725461736B2069643D22757365727461736B3222206E616D653D22E5B7A5E4BD9CE5B08FE7BB84223E0A2020202020203C646F63756D656E746174696F6E3E2F70726F636573732F7461736B426F6F6B2F726561646F6E6C79466F726D2E6A73703C2F646F63756D656E746174696F6E3E0A2020202020203C657874656E73696F6E456C656D656E74733E0A20202020202020203C61637469766974693A7461736B4C697374656E6572206576656E743D22637265617465222064656C656761746545787072657373696F6E3D22247B776F726B67726F75704C697374656E65727D223E3C2F61637469766974693A7461736B4C697374656E65723E0A2020202020203C2F657874656E73696F6E456C656D656E74733E0A202020203C2F757365725461736B3E0A202020203C73657175656E6365466C6F772069643D22666C6F773222206E616D653D22E68F90E4BAA42220736F757263655265663D22757365727461736B3122207461726765745265663D22757365727461736B32223E3C2F73657175656E6365466C6F773E0A202020203C73657175656E6365466C6F772069643D22666C6F773422206E616D653D22E9A9B3E59B9E2220736F757263655265663D22757365727461736B3222207461726765745265663D22757365727461736B31223E0A2020202020203C636F6E646974696F6E45787072657373696F6E207873693A747970653D2274466F726D616C45787072657373696F6E223E3C215B43444154415B247B7472616E736974696F6E3D3D27E9A9B3E59B9E277D5D5D3E3C2F636F6E646974696F6E45787072657373696F6E3E0A202020203C2F73657175656E6365466C6F773E0A202020203C736572766963655461736B2069643D22736572766963657461736B3122206E616D653D22E5AEA1E689B9E68890E58A9F222061637469766974693A64656C656761746545787072657373696F6E3D22247B75706461746553756363657373537461747573536572766963657D223E3C2F736572766963655461736B3E0A202020203C656E644576656E742069643D22656E646576656E743222206E616D653D22456E64223E3C2F656E644576656E743E0A202020203C73657175656E6365466C6F772069643D22666C6F77392220736F757263655265663D22736572766963657461736B3122207461726765745265663D22656E646576656E7432223E3C2F73657175656E6365466C6F773E0A202020203C73657175656E6365466C6F772069643D22666C6F77313122206E616D653D22E5AEA1E689B9E68890E58A9F2220736F757263655265663D22757365727461736B3222207461726765745265663D22736572766963657461736B31223E0A2020202020203C636F6E646974696F6E45787072657373696F6E207873693A747970653D2274466F726D616C45787072657373696F6E223E3C215B43444154415B247B7472616E736974696F6E3D3D27E5AEA1E689B9E68890E58A9F277D5D5D3E3C2F636F6E646974696F6E45787072657373696F6E3E0A202020203C2F73657175656E6365466C6F773E0A20203C2F70726F636573733E0A20203C62706D6E64693A42504D4E4469616772616D2069643D2242504D4E4469616772616D5F7461736B426F6F6B223E0A202020203C62706D6E64693A42504D4E506C616E652062706D6E456C656D656E743D227461736B426F6F6B222069643D2242504D4E506C616E655F7461736B426F6F6B223E0A2020202020203C62706D6E64693A42504D4E53686170652062706D6E456C656D656E743D2273746172746576656E7431222069643D2242504D4E53686170655F73746172746576656E7431223E0A20202020202020203C6F6D6764633A426F756E6473206865696768743D2233352E30222077696474683D2233352E302220783D2234302E302220793D223135302E30223E3C2F6F6D6764633A426F756E64733E0A2020202020203C2F62706D6E64693A42504D4E53686170653E0A2020202020203C62706D6E64693A42504D4E53686170652062706D6E456C656D656E743D22757365727461736B31222069643D2242504D4E53686170655F757365727461736B31223E0A20202020202020203C6F6D6764633A426F756E6473206865696768743D2235352E30222077696474683D223130352E302220783D223132302E302220793D223134302E30223E3C2F6F6D6764633A426F756E64733E0A2020202020203C2F62706D6E64693A42504D4E53686170653E0A2020202020203C62706D6E64693A42504D4E53686170652062706D6E456C656D656E743D22757365727461736B32222069643D2242504D4E53686170655F757365727461736B32223E0A20202020202020203C6F6D6764633A426F756E6473206865696768743D2235352E30222077696474683D223130352E302220783D223239302E302220793D223134302E30223E3C2F6F6D6764633A426F756E64733E0A2020202020203C2F62706D6E64693A42504D4E53686170653E0A2020202020203C62706D6E64693A42504D4E53686170652062706D6E456C656D656E743D22736572766963657461736B31222069643D2242504D4E53686170655F736572766963657461736B31223E0A20202020202020203C6F6D6764633A426F756E6473206865696768743D2235352E30222077696474683D223130352E302220783D223437302E302220793D223134302E30223E3C2F6F6D6764633A426F756E64733E0A2020202020203C2F62706D6E64693A42504D4E53686170653E0A2020202020203C62706D6E64693A42504D4E53686170652062706D6E456C656D656E743D22656E646576656E7432222069643D2242504D4E53686170655F656E646576656E7432223E0A20202020202020203C6F6D6764633A426F756E6473206865696768743D2233352E30222077696474683D2233352E302220783D223632302E302220793D223135302E30223E3C2F6F6D6764633A426F756E64733E0A2020202020203C2F62706D6E64693A42504D4E53686170653E0A2020202020203C62706D6E64693A42504D4E456467652062706D6E456C656D656E743D22666C6F7731222069643D2242504D4E456467655F666C6F7731223E0A20202020202020203C6F6D6764693A776179706F696E7420783D2237352E302220793D223136372E30223E3C2F6F6D6764693A776179706F696E743E0A20202020202020203C6F6D6764693A776179706F696E7420783D223132302E302220793D223136372E30223E3C2F6F6D6764693A776179706F696E743E0A2020202020203C2F62706D6E64693A42504D4E456467653E0A2020202020203C62706D6E64693A42504D4E456467652062706D6E456C656D656E743D22666C6F7732222069643D2242504D4E456467655F666C6F7732223E0A20202020202020203C6F6D6764693A776179706F696E7420783D223232352E302220793D223136372E30223E3C2F6F6D6764693A776179706F696E743E0A20202020202020203C6F6D6764693A776179706F696E7420783D223239302E302220793D223136372E30223E3C2F6F6D6764693A776179706F696E743E0A20202020202020203C62706D6E64693A42504D4E4C6162656C3E0A202020202020202020203C6F6D6764633A426F756E6473206865696768743D2231342E30222077696474683D223130302E302220783D223233392E302220793D223136372E30223E3C2F6F6D6764633A426F756E64733E0A20202020202020203C2F62706D6E64693A42504D4E4C6162656C3E0A2020202020203C2F62706D6E64693A42504D4E456467653E0A2020202020203C62706D6E64693A42504D4E456467652062706D6E456C656D656E743D22666C6F7734222069643D2242504D4E456467655F666C6F7734223E0A20202020202020203C6F6D6764693A776179706F696E7420783D223334322E302220793D223134302E30223E3C2F6F6D6764693A776179706F696E743E0A20202020202020203C6F6D6764693A776179706F696E7420783D223236372E302220793D223130392E30223E3C2F6F6D6764693A776179706F696E743E0A20202020202020203C6F6D6764693A776179706F696E7420783D223137322E302220793D223134302E30223E3C2F6F6D6764693A776179706F696E743E0A20202020202020203C62706D6E64693A42504D4E4C6162656C3E0A202020202020202020203C6F6D6764633A426F756E6473206865696768743D2231342E30222077696474683D2232342E302220783D223238362E302220793D223130312E30223E3C2F6F6D6764633A426F756E64733E0A20202020202020203C2F62706D6E64693A42504D4E4C6162656C3E0A2020202020203C2F62706D6E64693A42504D4E456467653E0A2020202020203C62706D6E64693A42504D4E456467652062706D6E456C656D656E743D22666C6F7739222069643D2242504D4E456467655F666C6F7739223E0A20202020202020203C6F6D6764693A776179706F696E7420783D223537352E302220793D223136372E30223E3C2F6F6D6764693A776179706F696E743E0A20202020202020203C6F6D6764693A776179706F696E7420783D223632302E302220793D223136372E30223E3C2F6F6D6764693A776179706F696E743E0A2020202020203C2F62706D6E64693A42504D4E456467653E0A2020202020203C62706D6E64693A42504D4E456467652062706D6E456C656D656E743D22666C6F773131222069643D2242504D4E456467655F666C6F773131223E0A20202020202020203C6F6D6764693A776179706F696E7420783D223339352E302220793D223136372E30223E3C2F6F6D6764693A776179706F696E743E0A20202020202020203C6F6D6764693A776179706F696E7420783D223437302E302220793D223136372E30223E3C2F6F6D6764693A776179706F696E743E0A20202020202020203C62706D6E64693A42504D4E4C6162656C3E0A202020202020202020203C6F6D6764633A426F756E6473206865696768743D2231342E30222077696474683D2234382E302220783D223339392E302220793D223137312E30223E3C2F6F6D6764633A426F756E64733E0A20202020202020203C2F62706D6E64693A42504D4E4C6162656C3E0A2020202020203C2F62706D6E64693A42504D4E456467653E0A202020203C2F62706D6E64693A42504D4E506C616E653E0A20203C2F62706D6E64693A42504D4E4469616772616D3E0A3C2F646566696E6974696F6E733E, '0');
INSERT INTO `act_ge_bytearray` VALUES ('7', '1', 'taskBook.taskBook.png', '5', 0x89504E470D0A1A0A0000000D4948445200000276000000650806000000C089AEE500001CBE4944415478DAED9D0B5C54D5BEC7F7CD67659F3C66EAF56A91D9D573ABAB2511A95D1FD1F17DD22379B81EF3527ABC9ED41BA9E79CB24EE1D1B4A222257C814266884FC4172A258406A220022A19A2880F105044048401D7DDFFB5D7DECE0CC3D36166CFF0FB7E3EBFCFAC3DFB397B7EB3D67FD66B4B12000000000000000000000000000000000000000000000000000000000000000000000000000000000000000000000000000070443ACA729535D4482EB82D00000000008E11C8CD94B545D6455919B276C90A11A2F42159B9B2A264F9CAEA8DDB0600000000A01FFACA5A2902397AF590D5A18EEDDBCB1A2CCB4F048014F00DC56D0400000000B01FDD6405C8CA9435BF9E60AE2E464A4A4D1E0578A8C10300000000B03153649D9794A6D7D6563AE678714C5F2B1E130000000000D402D5A851FFB80849A9B1B336D44F8F6A015324A5891700000000003403D4DC4A7DE2A64BCD5FA3E625CEE589DB0E00000000603D68CA9204591B65F5B0E179A9C62E439CB703BE060000000080A643A357974ACAF4249E76BC061A694B4DB318580100000000D004A8962E5D04761D75703DE34580E98DAF0600000000A0615093A7BF08EA86EAECDAA8699646CD52D32C46CD0200000000D4014D1A9C21023BBDF669A3DA437AB20546CD0200000000588082B820491920E1EA20D74C23730B2465726300000000002002237A72C47B923250C191A0C11429E2DA01000000005A2C34B930F555A347793DE3C09F836A1BA3C4E770C1D70A0000008096863AF92F4D38EC2C83107CC46772C7D70B0000008096808B74F771603D9CF0F3F59794C11F1F4A18350B0000000027C65B52FAD2793BF9E7EC2802D7DDB23AE36B0700000080A3E022D53F2D094D0912232935752D29D0F9D4D3D3936DDAB4A92A2424E4F2D75F7F9DBC78F1E29DEFBEFBEEB2B973E7CE9F3469D20849E9670800000000A00B76494AB3A325A82992FA9D51D3A4A7D4029B269F7FFEF92483C1C06A83D6A5A7A7B39E3D7B3E092B01000000C09E78CB62B20C92D2B7CC189A8BEE98A43C63B5630BBE479E29292937583DCC98316333EC04000000007B41C15A8108EC48D1E27DAA95A339DDA82FDD58DC26A9C3DB6FBF5D595F60B77DFBF6CA161E0003000000C08E04190575AA16484A2DDD5249BF8F03B339BD7AF5DA55595979BBAEC0AEACACACAA53A74EF371B700000000606B683084C1426057256B186E4F0DBCF6EDDB97575FAD9DB7B777BE842952000000006063A22D0475AA82707B6AD061E4C891F5F6B38B8B8B2B9394899B01000000006CC2CC3A823A5578F282196DDBB6DD51525272BDBEE0EED9679F3D86BB05000000005B4073D0E53620B04B90D0A4688ED7860D1B2ED517D8F9FAFA96233006000000802DD8218B9A0B6FCA8A97F59D2C3F4979DEABB72C0F59CF48CAA4BB08EC4CA1C124ECF1C71FBF386AD4A8541F1F9F23010101717BF7EE3D949696167FF5EAD5D42B57AE94C4C7C753DFC59DB85D0000005A1C8CB1F6818181F3A74E9D7AC2CDCDADBC7DFBF6F5D524414D54AB56ADEEB469D3A6AA67CF9EA77BF5EAE501F735DEA76FBCF1466ABF7EFD6EB76DDB169E6A469F3EF9E4930583060DDA23BF62200FF25DF819004761EDDAB533870D1B56EAE2E2C2162DFA278B8939C8CACBCBE43CE70ED40CA27B7BF0E08FCCCFEF73D6A74F9F8AEEDDBB9F10B573C0CA3E2D28C88797EFC1A70909F1F029F25DF81900472238386847B76EDD98BFFF57CC60A8907F00D5908D1510B09C75ECD8B1EC81071E780D8E844FE153F819829F016872E6D2BB776FF95FCCCFB2D1AB203B2A3D3D9575EEDC99FADBE10913F0297CEAE47EAE63FE45ADE970CE9C39750C0D8217E167006A3403AC9949FF1813120ED3E3D34DB466CD0A3676EC483662C42BEC955786B0573D86B180E5FE35B683ACABF4F413ECFEFBEF2F42F3007C0A9F3AB79FCD466FB3AD5BB7F2B4ABAB2BDBBB378A1D494C645DBB76E5EFEDDCB993077A9595C64FD3830FE167008CA00EBBC3860D29F5F7FF424E569A2864DD1A3666F40836F10FE3B8C68D1DC53C3C86B2975E7A812DE7856625D48CF2F3FBF45AEBD6AD0FC2A5F0297CEACC7E66ECD6AD5B269DFB636262F86B5C5C1CBB702187C9F797454545F1F77EF8E107FE7AEDDA3511D8C183F033004604062E9BEFE2F23833184A6553579868E4080F5E50BEFAEA304DBFFBDD703668E08B72A1E956637BC8FAEAD4A9D34509F3AFC1A7F0A913FB99B14B972EF160EDC08168565050C0D393264D62F972BAD2606053A7FE0F7F2F27E722BB79B384A7CF9E3D2B023BF80F7E06C088A953A79C58B4E863D9CCB76B68F02077F6D5979FB25D3BB7B1C06FFC790DC8CB835FE2EF53DA60B865713FC87A9A3367163D31C10F3E854FE15367F5B3C2C2850B59BB76ED5861A1521377EDDA75AD06EFEAD5AB4A085751C1976363638D9A62E13FF8190023DCDC5CCB6362F6CB662EAFA169D3A6B2DCCB17D9A1B81F59D4DE48B6FEDB60B62362333B9BF90B7BFB2FD35955D52D8BFB41D6D34F3F455F91BFA663F0297C0A9F3AA79FA969353838586B7E2D2D2D632121A13C3D6EDC38367EFC789EFEF4D3CFD8EDDBB7797ACF9E3D6CE5CA956CD3A64DF01FFC0C80293409667939FD432CADA10F16FC8D1D49886389470EB1E3C947B9289D98F833FBE083BF59DC07B2AEE8BB91BF26037C0A9FC2A7CEE967C9A86F5D4444042B2828E4691A48A1B278F162FE5E6666263B9B9565B20FFC073F37117A94A597A8998C917551329DC8991E73498FB10C92355D968B5E3F083D7EC853D64A5951B2CE8B2FCFF8831C121FC45B568F1690C750D7DD1A32186EB0050BE6B3197FF666478FC6B3F4B414AEE4E4443667F6FFB2797367CBFF1EAF59DC17B2AE84375B3AF0297CEA947EA674C9AD322D88A3E5D1A347B3EAEA6AED3D4A4F9E3C5904720A6A5F3B780F7E6E24F484A30859E552E39ED86110811EC546BA78B4A5ABAC10F141E8C2DE131FCEC5EC0229901B2C6BB6D1078F96355E72DE6774CA262E315145C535B675EB77CCCDED7996F96B069BFBEE6C1325251D61AE03FAB3EF3704CBFF6C0A6AEC0F59572830E153F8D479FD6C5C78FEF24B067F1D33664C8DC0EE4F7FFA135F57547443DB7EC18205F01EFCDC9838E898649DC7B265885A3CBB4081DA465905B27C9B5003D75E5455523098226BA47366303735DDB953CC764686B3812FB9B1ACCC332C2DF5388B3EB087456CDFC4C2BE0F65C1412BE4C2348C3777BDF8E200161E1EC2AAAA8A4C8E0159572830E153F8D499FDAC3073E64C76F4E83176A3A888DF4B1A4CA1F2C9279F6823614F9E3CC503BFDCDC5CB5EE0E829FEB63A959EBA45A03172562A3A1B27A8B564D35F6A18A2F1A19FCA1D8CE520D5F94AD5B363D4540E72FABA3158E375E34D586187D7827C9608A351D8ADBC7E700A342F2E0C1036CFBB6705E5086AC5BCD56AD5CCEFCBFFA8C2D5DB29077505FB962191B3A6430DBB37BB3C93120EB0A05267C0A9F3AAF9F2F5CB8C0268BDAB8AB45253C540B5ABB8E2FD3C089891327F234F5B353E6BC2BE54DB58F3CF2084B4E4E86F7E0E7BAA05825C62C182B91947E752E8D3C5647D1DA996976BC221118363B146152FF396B3F1AA4B308ECE88375739E0CE686A60F16FC958F28A482716DF04AAED5AB0258C0F22FD9177E4BD8278B3F661FFDE33D367FDEFFB18F3F7A5F2E2C23D85FE7BF63720CC8BA4281099FC2A7CEEBE7B4B4347EEFE8C1567945A52C212995DDAA646C7F6C825678666565B13B77183B7CF830DBBB772F2B29519A0AB76CD902EFC1CF75057587CC82B0045133772F50B7341FB31AC0125199D6EC419D4B339E63A9A80DECED1C194C91262A3069CA88D73D27B08D61DFF282920ACFCF3E5DC4162FFA887DFED9625E6852213A76CC487660FF6E51601641CD241498F0297CEACC7E66BCAF9C5A48BABBBBF3A08E02BDA2D24A76E35639DF66D82B1EAC7FFFFEEC89279EE0DB4D9B364D34C5C27BF0B345CC6BEA7C25EB8E15E82B2BDDE8F8E552333D67D7D306419DCA7C71AE6E8E9FC15CD774E2C461F6FE7BF3D8A4D7C7F302919AB62CC9DDDD95BD31C58BD78A2425FD64720CC8BA4281099FC2A7CEEC67E59162D41C4B73D975E9D2856564E5B0A2B20AAD50BE71EB363B91764A7B662CCD63474FA85080F7E0678B954FC6415D73D5A651AD609459CD5D5F6B9EA087A845B3E50007AA1D8C901C7BC42CCD716E2243E55539A3B9C8FC3E5FC8468E18CE060F7A91CFE0EFFEA22B7B492E2887FCD720E6F3CE4C565C7C816F6BBE3F645DA1C0844FE15367F6333319FD4A3576D3DFF6618387BECAD3010101ACE7632E2C23338B3DF5EF7D586161213305DE839F4D70356B26F56DE6F3D1408B68C974DAB8CED63AF816491928616BA8CD7AB663673085908E8502133E854F9DD9CFA681DDEEDDBBB59A968484045654A4350BF2A7545456569A0576F01EFC6C428A64DAA7CE16154F9D45C59A7A5EABC462AEE2A01DED7013FB8A737776DC0CA600D2B15060C2A7F029FC0CC1CF0DC0C3AC59D496E300C69A9DDBE55E0F18229A45EDC54AD1A6EDA0194C3EA463A1C0844FE153F819829F1BC02EA3E0CACF0EE78FB0D6F9A9F31E8DC6B0E7E3BF7A8B5ABBD68E99C15C85742C1498F0297C0A3F43F073039A43D549840D927D9EEDEA2A99CE6FD7E456544FD18E6C6F68BE98C18E99C1E4413A160A4CF8D4497CDA1A36869F91EF361B5E92E91321EC85F104C6E3EFA51974BE0E6EEA229D35C7463730D0944D9C0BE9584E1ED8C1A74EEE537965B7D3A74F276CDCB891BDF0C20BF39C3CC0839F91EFDACB577E92ED46C2D6170BDDF3200A8A4C3D7470E3E91A62F4F48F50880CE15E770673C52EA2732F59F23E4FC7C545B029532672EDD9F31D5F6730E4D4B9EFDFFF3EABC1E7DAB5EB5BD6BD7BD75AD76766C6B353A7622D9E273C7C95DDEE917A0DCE5C73A1779F36F53B5BB66C11ABAEBEC4D361612B1AB4DFE1C3917CFBD2D2AC5AB7A1DF476CEC369E4E4DFD9155545CD044EBF4E4D393274FFEA3A4A4C4A08EDFBC75EB56E5FBEFBF9FD9AD5BB7A7E1677DF834307049BDDBA8792DA5A3A2BED7D22929D10D3A477AFA41FE6A298FAD6D9F59B3DE44BEDB385F194F486CCFD6434FB3EB6D12B69A90B83EE81A72756804E3AAD9C1963398CB76119D9B022E35AD144A77D74544ACE56983E1022B29F9D544478FEE118FDA89E7CB292907F8724ECE31ED18D9D9895A9A8EEDE2D2535B3E7264B7C5EBA1E3ECDF1FC6BCBD276901E6FAF5CB586464084F5FBF7EDA2EF7A9050476BAF4E98409A3D8F4E993B99748949E35CB5B5B96F8333CFF6EB20F7992DE2F2C3CC9366F5E6DE26BD29933876A3D1F6DFBE0830FD4EB87B0B0402DFDDA6B23E43F46DBB968995EEDF57B56BFACA2A2A27EE7CE9DCB66B5909C9C5C3E7AF4E85592320716FC6C23C5C7EFE41E53F3B71E3DFE95B9BB3FCFD324CAE77AF57ABCC6F71A1AFAB596264F9BA7EBF3457AFA8F3CCFA5B4B1FF8DF374FA3DB56BD7B651C76E41F96E437C75D168BD3D9F8AF58C643AA75D9330E8A86A5FCF46308EA0079B6630976CAAC2C27439A00BE5D73362C410B990FA86F5EBF71F6CC38600F9C77D848BD61D3E1CA1EDF39BDF3C2CFFF8CFF042332A6A034F93E2E32359717186B66C30646BFBD031060CF84F39C35ACF7C7DE7F2637CF4D1BB7C59A9895B61725D745E7AADAECE61CF3EDB57DB8E023B4BDBDB4A2D2CB0D38D4F2DE9A9A79E606E6EFDEBFDBE8283FDB474AF5E8FB1E8E88DDC5F2929FBD9FDF7B7AF755FF29C12D8595E4F05E4FEFDDFB3FCFC54ED5E55549C3739774444B0DD7C2AD33E3D3DFDBBAAAAAA3BAC1EAA65962F5F5ED8B76FDF71F0B3EDBEA3CD9B5769CB1448F9F97DA82DB769D39A7DF8E13B3C9D937354CB03870F1FC4B66D0BE2E9CCCCC3DAB1323262596A6AB4B63FE5C1EA9F0D257854F69F3871344FD3B969F9CA95E37CFB871EEAA0ED131AEACFD3EAB1E97C943E75EA20F2DD86F9CAF8FD0E76BCD6F666D7E214C194DE8D601CF1BB2B19CC45BB48A9B10BE1690ABA060E74957FFCDF7229FFF27E30D9FEFAF593FCFD79F36668EF95979FE5EF51816BE9F8DBB6ADE1693AA68B4B0F8BEB32330F69E7A47445C5394D4AEDC8375A3A35F5805DEE530B0CEC74E35363DD0DEC2CAFBF74E998E6EBC71EFB3739984B600F3FFC9089676BFB8EE98F03F9906A51AE5C49E6EF91BFD56D0A0BD3B4ED542F2A4DBE0BF97948CA1FA2ED76B93723478E64797979C5AC915CBE7CF9F69B6FBEF9A3E4B873813A8C9FC94F94AF9297543F85867EC5D359593F8BEE2A35BD49DBA869CAAB2323D7F1747474187FA5655AAFE6936ABEAEEEB360C11C9E36CFD38DB7C9C888E1419C9A174F9E3C5E4BC7C66E69E9F96E437C75CFC154335DAF53D4D8399C18CBB18BE8DC03070EE03F682A044B4A32B4755438A5A7476BCB67CEC48A7F7A497281B6DFE418070F86F3572FAFDFD738FE8001CFCA994328F3F57D57D4D8F9F0E5BB05600EABAECED6B63F758A6A4436C841DF6A1617B755D3FAF55FF3D7BCBCE376B94F90FD7C6AACBB819DE5F51464297F10E2C49F8D1C1618B898A7C9775443E2EFFFB1C93EAAB72F5D3ACAB7516AEC725852D21EADC053B76DD5AA154B4989E2EF936F953F28AB4DBC12111164F3FB72FE7CBCFCFBF362B9B9B98D8DEBF83EB42FFC6CBBFC242C2C400EC2B234BF503A2A6ABDE63DF3EDFBF47992E7BB94265FAAEF3FF7DCD326DBAAC7A44090F2D131638673A99EA4756FBDF5478BE730F6AD122CAEB5ABA71DDC5F0E5F63A7973E763D74DEC74ED531499921BAF5DD26810B365556D621F697BFBC21FAC425B0CD9B57C819CD722DE07AEBAD493CDDAFDF6FE5E0EE80B68FBA3F6D939F7F9CEFABF429DA62F13C770BBD0BFC784A8D5DCD75C6EF4544ACD1D2EEEECF316FEFD7B5EBDAB56B9DCDEF957A2D2DB0C6CEEE3EB5A4BB815DCD75E4C79292D335BC42CBE4A3BABEDFD0D02F359F2A85ABB26EC992BF697EA7E5EBD7D3443FA5188B3E36F6B03D7CDAB56BD7DD1B376ECCBD73E74E554382BABCBCBCB0471F7D943A7D47E8241F777A3FD3B9070F7E41CBD7A64FF7E269AAAD9B306184B6DD91233BD8942913448DD9268B79A4791EAAFA3F3B3B9EFFE1A6A65DF2AA52BBF7BDB6CED23519FB56E27DAE43EDEA6907A9B133F69553F5B1A336E6A13AB8F1342AF6908E8D609EB118F5F5C8B6A9CACBCFF0824A0DECAAABCF89A6D7FDDA2BBD4F4D5896F6CFCEFE9917844A6DDDC65ACF73B7C62E84F9FAFA881ABB77F8B25263B7B5C6F619193F6A0123FDD3F4F6F6D4B6A78CCED6F74ABDAE1614D8E9C6A796A40476FDEAFDBEC2C3BF3159261F51BAB434833DF4D08326EB94A04E5926AF29819DB2ACFE36020216328341E976407DF468BB4B9794BEA87E7E0BF86F8264C9D776F0E9F82143865CBC72E54A7E6D019D1CF89D9C366D5A90A4CC79351E7EB6EDF7A4044AD922800AE1E9E8E80D26792EF9ADA4E494E8971768715FCA2FC9A3EA3E6A10473E8F8A526722C8E67929BD1F1FBFBDD66BF2F018CC8E1E8D64A9A9FBF87271F1496D5D6464504BCF771BE22BA71A154BF3D8F9E8E0C6D3DC2D7E3A344282C8386B6BAE964D7CDE2E526A1E0ECAC15998F821A76B855861E17176FDFA893AF7ADEFDAE3E3B769E93D7BD6891A3B65393F3FD9E231A9A94CCDCC860F1F2802BB7522B08BB0DB7D6A01819D6E7D6AACA79E7211815DDDDF57787880B61C18F84FBE1FF9C8CB6B1C9B356B2A7FBFBA3AAB860F691B25B0BBFB1EFD16D47469E969FE4ABF8D94943DA2696CA7C9B9232256EBC1A71DDAB56BB76CD1A245F95555556546315D796262E2AA366DDA9C949439AE3AC2CFB6FF9E3C3C0669F9DAF4E97FE4E9CE9D7FC3E6CDFBB3C5ED4343BFD0D2E43B0AC094AE31895A3E4EEB29909B3CF93576EAD401D6A74F2F3675EA1FF8FBE479898F143FAEE5AF7979C7B47CFCF0E12D26E75302C9F3ACBCFC1751DBB7A1A5E7BB0DF15580A48F79EC7C8DAE23A0A907F1BA97A8D08AE8A5E650A5B67F8A163298733697C19029FA22C568AF8B17CF133576FB6ADD8FD649BCE3F85E1616A68C569D31E3BF5945C5993ACF7737B0AB7D1B3AD69429E3B57464E41A93751111ABEC72AF9C3CB0D3AD4FF3F393D86BAFBDCA451E8B8EFE8E75E9F2087BECB1EE3C4D523DA8045777BFAFF0F0E526CB4A0157FBB9AE5F4FE1C7080DF5E3C7B7B44D5EDE51AD20A473ABC7DEB66DA5C9B9264FFE3DFF7DE9C4A7AE7DFAF4494B4A4ABA7CF3E6CD9FDCDCDC3689C2C9157E3E6777293576EB2CAE2B2E4E9303B7235ADE575D7DD6E80FF5392DAF96F83C7733B5F772727E9603BBFD26F97B6CEC46EDB742BF21F2BB7A0EF57CEAF1E9982929BBF9EF8FF2E075EB3E47BEDB305F4D91F4F1E48974A3EBF06CEA41682455899DFFF9B9886B70C43999641367D95CBB7605894928DF907FE4C7B5F7376F0E900BC1095A06909F7F4CFE8797CEE2E2C2D9A85143D8975F2E30394E79F969161CBC94BDFEFA68D1B729C8E2F9222357B3A79F7EAACE6B2A2D3DA9A5954CE9A05C9826CA01E75C91611DB6CBBD92F04831BBF994FCD594EF2B2CEC6B9365AA15A96FBFF4F4283169F7FC5AB7A10253BD2EAA391C3890E6205BCBBCBD27F257F2B9521BB3564F3E6D2D5A559878C5A3C5ECE4674BDF59545448ADEB699DF2C725922F1BFB8AD68D18F15F6CCC98613C9FA6FC51DD8E545C9CCAF363E3FC3D23E380E83EF09EC979B2B262791783C2C264BE5C5D9DC9962DFB48FC7159817CB761503F7FE367C5DA6394B971FFBAF27BBD865DB2BCEDDC0C1BE4B819CC5948C74260E7D83EADAEFE153EBD1BE0011DF9B9A578B305E5BBC6FDEC3EB4C3F9438CCE1F72AF071B29AAFFEC9171504D618188961D3483C984742C0476F0297C0A3F43F07303306E8EA551B2B69CF6A4AFA82954CFDFDF1A074D111FCAD6504D5D80636730BF423A160A4CF8143E859F21F8B901B4964CFBB8BD67A7DAC2086B1D74A8A4CC99D2CD861F84CE9929D97732402B643067201D0B05267C0A9FC2CF10FCDC845A3B83B56ACEEAC1C7EC9CCF58BBF66CA38D9A647B8B26580FC7CF607E81742C1498F0297C0A3F43F07323D86514686548CD3BB8D4CBAC09766673554336F77C722EA2A6CEC73932980C48C74281099FC2A7F033043F37826EA2E2C978A2E0E698B58382BA12C98A03266AA3B368926DAEB6E5DE22A85BEA3C19CC6948C74281099FC2A7F033043F3712775945464117F581B3E6204F1FB39A3A9A3BAF59BBA5D1C59F6F86E06BA888827D9C2B833905E9582830E153F8147E86E0E726404FA928370ABEA876CDF31E8F49A35F0F49A68F386BF6A0CEB8E68E4666D068D97BEDC847EDD3EA730D3D9C2F833909E9582830E153F8147E86E0E726E261D65CAA06628D7D9EEC33A2A9D56076AC10C90E0348678BA6590ACC1A3B3AC445529E7B46B5742B25C71EFD5A4706930EE9582830E153F8147E86E0E77BAC65BB68169031A396CD29223E52FBE1B517819CA78881522CEC4B01DE4C7B7EA80EE2E2E883D1730AFD4415655FB3EDBA89E8969E24112DA2DC20C971271F6E60069306E9582830E153F8147E86E0672BC4414B2DD4DE3545119295A734B957DC45901725A255E36AC55CA3C06FA8E498CF7E6D4206930AE9582830E153F8147E86E0672BD143545E153532982B17CDAEFDF1F3D539EDDAB5BD535E9E281BF904A44395951DC9167F3EE053F8143E859F21F8D95AB4172D947EA2A2CBBCA93657B45CD293B5685A93CEF8E53A08BFFDED1379313141B29953201D6AC70EFFDDF2D7740C3E854FE153F819829F01A897975F7E6EEBA2456FCB663E0EE950E3C6BD1C2635FF84DBF029049FC2CF10FC0C9C811E3D1E71EBD1A34BA5C17054367432A42F9DBFEFBEFB4E494ABF50F8143E854FE167087E06A07EBA777F34C9DF7FAE6CE82448471A3BF6E53592D2C701C0A7F029FC0CC1CF003498BE0F3FFC60694242087ED83A514CCC9A1D92D279F519D8133E854FE167087E06A0B17874E9D2E90632197D642EF7DD775F96FC9D8C852DE153F8147E86E067009A9CC9B46DDBA678C992D9D70C8644FCD86DAFF3A2192017990B7C0A9FC2CF10FC0C80559A075AB5FA97FD1D3A3C903F63C61F8EEFDBF74D6E79793C7EFCCDA4B2B29FB377ECF862378DC2121D76A3D10C009FC2A7F033FC0C3F03606D6876699A9DFA90A4CC38CDA066114D8249F325D1D07A8CC2824FE153F8197E869F010000000000000000000000000000000000000000000000000000000000000000000000000000000000000000000000000000000000009C97FF076F3C2FBDE8E2BB580000000049454E44AE426082, '1');

-- ----------------------------
-- Table structure for act_ge_property
-- ----------------------------
DROP TABLE IF EXISTS `act_ge_property`;
CREATE TABLE `act_ge_property` (
  `NAME_` varchar(64) COLLATE utf8_bin NOT NULL DEFAULT '',
  `VALUE_` varchar(300) COLLATE utf8_bin DEFAULT NULL,
  `REV_` int(11) DEFAULT NULL,
  PRIMARY KEY (`NAME_`)
) ENGINE=InnoDB DEFAULT CHARSET=utf8 COLLATE=utf8_bin;

-- ----------------------------
-- Records of act_ge_property
-- ----------------------------
INSERT INTO `act_ge_property` VALUES ('next.dbid', '101', '2');
INSERT INTO `act_ge_property` VALUES ('schema.history', 'create(5.15)', '1');
INSERT INTO `act_ge_property` VALUES ('schema.version', '5.15', '1');

-- ----------------------------
-- Table structure for act_hi_actinst
-- ----------------------------
DROP TABLE IF EXISTS `act_hi_actinst`;
CREATE TABLE `act_hi_actinst` (
  `ID_` varchar(64) COLLATE utf8_bin NOT NULL,
  `PROC_DEF_ID_` varchar(64) COLLATE utf8_bin NOT NULL,
  `PROC_INST_ID_` varchar(64) COLLATE utf8_bin NOT NULL,
  `EXECUTION_ID_` varchar(64) COLLATE utf8_bin NOT NULL,
  `ACT_ID_` varchar(255) COLLATE utf8_bin NOT NULL,
  `TASK_ID_` varchar(64) COLLATE utf8_bin DEFAULT NULL,
  `CALL_PROC_INST_ID_` varchar(64) COLLATE utf8_bin DEFAULT NULL,
  `ACT_NAME_` varchar(255) COLLATE utf8_bin DEFAULT NULL,
  `ACT_TYPE_` varchar(255) COLLATE utf8_bin NOT NULL,
  `ASSIGNEE_` varchar(255) COLLATE utf8_bin DEFAULT NULL,
  `START_TIME_` datetime(3) NOT NULL,
  `END_TIME_` datetime(3) DEFAULT NULL,
  `DURATION_` bigint(20) DEFAULT NULL,
  `TENANT_ID_` varchar(255) COLLATE utf8_bin DEFAULT '',
  PRIMARY KEY (`ID_`),
  KEY `ACT_IDX_HI_ACT_INST_START` (`START_TIME_`),
  KEY `ACT_IDX_HI_ACT_INST_END` (`END_TIME_`),
  KEY `ACT_IDX_HI_ACT_INST_PROCINST` (`PROC_INST_ID_`,`ACT_ID_`),
  KEY `ACT_IDX_HI_ACT_INST_EXEC` (`EXECUTION_ID_`,`ACT_ID_`)
) ENGINE=InnoDB DEFAULT CHARSET=utf8 COLLATE=utf8_bin;

-- ----------------------------
-- Records of act_hi_actinst
-- ----------------------------

-- ----------------------------
-- Table structure for act_hi_attachment
-- ----------------------------
DROP TABLE IF EXISTS `act_hi_attachment`;
CREATE TABLE `act_hi_attachment` (
  `ID_` varchar(64) COLLATE utf8_bin NOT NULL,
  `REV_` int(11) DEFAULT NULL,
  `USER_ID_` varchar(255) COLLATE utf8_bin DEFAULT NULL,
  `NAME_` varchar(255) COLLATE utf8_bin DEFAULT NULL,
  `DESCRIPTION_` varchar(4000) COLLATE utf8_bin DEFAULT NULL,
  `TYPE_` varchar(255) COLLATE utf8_bin DEFAULT NULL,
  `TASK_ID_` varchar(64) COLLATE utf8_bin DEFAULT NULL,
  `PROC_INST_ID_` varchar(64) COLLATE utf8_bin DEFAULT NULL,
  `URL_` varchar(4000) COLLATE utf8_bin DEFAULT NULL,
  `CONTENT_ID_` varchar(64) COLLATE utf8_bin DEFAULT NULL,
  PRIMARY KEY (`ID_`)
) ENGINE=InnoDB DEFAULT CHARSET=utf8 COLLATE=utf8_bin;

-- ----------------------------
-- Records of act_hi_attachment
-- ----------------------------

-- ----------------------------
-- Table structure for act_hi_comment
-- ----------------------------
DROP TABLE IF EXISTS `act_hi_comment`;
CREATE TABLE `act_hi_comment` (
  `ID_` varchar(64) COLLATE utf8_bin NOT NULL,
  `TYPE_` varchar(255) COLLATE utf8_bin DEFAULT NULL,
  `TIME_` datetime(3) NOT NULL,
  `USER_ID_` varchar(255) COLLATE utf8_bin DEFAULT NULL,
  `TASK_ID_` varchar(64) COLLATE utf8_bin DEFAULT NULL,
  `PROC_INST_ID_` varchar(64) COLLATE utf8_bin DEFAULT NULL,
  `ACTION_` varchar(255) COLLATE utf8_bin DEFAULT NULL,
  `MESSAGE_` varchar(4000) COLLATE utf8_bin DEFAULT NULL,
  `FULL_MSG_` longblob,
  PRIMARY KEY (`ID_`)
) ENGINE=InnoDB DEFAULT CHARSET=utf8 COLLATE=utf8_bin;

-- ----------------------------
-- Records of act_hi_comment
-- ----------------------------

-- ----------------------------
-- Table structure for act_hi_detail
-- ----------------------------
DROP TABLE IF EXISTS `act_hi_detail`;
CREATE TABLE `act_hi_detail` (
  `ID_` varchar(64) COLLATE utf8_bin NOT NULL,
  `TYPE_` varchar(255) COLLATE utf8_bin NOT NULL,
  `PROC_INST_ID_` varchar(64) COLLATE utf8_bin DEFAULT NULL,
  `EXECUTION_ID_` varchar(64) COLLATE utf8_bin DEFAULT NULL,
  `TASK_ID_` varchar(64) COLLATE utf8_bin DEFAULT NULL,
  `ACT_INST_ID_` varchar(64) COLLATE utf8_bin DEFAULT NULL,
  `NAME_` varchar(255) COLLATE utf8_bin NOT NULL,
  `VAR_TYPE_` varchar(255) COLLATE utf8_bin DEFAULT NULL,
  `REV_` int(11) DEFAULT NULL,
  `TIME_` datetime(3) NOT NULL,
  `BYTEARRAY_ID_` varchar(64) COLLATE utf8_bin DEFAULT NULL,
  `DOUBLE_` double DEFAULT NULL,
  `LONG_` bigint(20) DEFAULT NULL,
  `TEXT_` varchar(4000) COLLATE utf8_bin DEFAULT NULL,
  `TEXT2_` varchar(4000) COLLATE utf8_bin DEFAULT NULL,
  PRIMARY KEY (`ID_`),
  KEY `ACT_IDX_HI_DETAIL_PROC_INST` (`PROC_INST_ID_`),
  KEY `ACT_IDX_HI_DETAIL_ACT_INST` (`ACT_INST_ID_`),
  KEY `ACT_IDX_HI_DETAIL_TIME` (`TIME_`),
  KEY `ACT_IDX_HI_DETAIL_NAME` (`NAME_`),
  KEY `ACT_IDX_HI_DETAIL_TASK_ID` (`TASK_ID_`)
) ENGINE=InnoDB DEFAULT CHARSET=utf8 COLLATE=utf8_bin;

-- ----------------------------
-- Records of act_hi_detail
-- ----------------------------

-- ----------------------------
-- Table structure for act_hi_identitylink
-- ----------------------------
DROP TABLE IF EXISTS `act_hi_identitylink`;
CREATE TABLE `act_hi_identitylink` (
  `ID_` varchar(64) COLLATE utf8_bin NOT NULL DEFAULT '',
  `GROUP_ID_` varchar(255) COLLATE utf8_bin DEFAULT NULL,
  `TYPE_` varchar(255) COLLATE utf8_bin DEFAULT NULL,
  `USER_ID_` varchar(255) COLLATE utf8_bin DEFAULT NULL,
  `TASK_ID_` varchar(64) COLLATE utf8_bin DEFAULT NULL,
  `PROC_INST_ID_` varchar(64) COLLATE utf8_bin DEFAULT NULL,
  PRIMARY KEY (`ID_`),
  KEY `ACT_IDX_HI_IDENT_LNK_USER` (`USER_ID_`),
  KEY `ACT_IDX_HI_IDENT_LNK_TASK` (`TASK_ID_`),
  KEY `ACT_IDX_HI_IDENT_LNK_PROCINST` (`PROC_INST_ID_`)
) ENGINE=InnoDB DEFAULT CHARSET=utf8 COLLATE=utf8_bin;

-- ----------------------------
-- Records of act_hi_identitylink
-- ----------------------------

-- ----------------------------
-- Table structure for act_hi_procinst
-- ----------------------------
DROP TABLE IF EXISTS `act_hi_procinst`;
CREATE TABLE `act_hi_procinst` (
  `ID_` varchar(64) COLLATE utf8_bin NOT NULL,
  `PROC_INST_ID_` varchar(64) COLLATE utf8_bin NOT NULL,
  `BUSINESS_KEY_` varchar(255) COLLATE utf8_bin DEFAULT NULL,
  `PROC_DEF_ID_` varchar(64) COLLATE utf8_bin NOT NULL,
  `START_TIME_` datetime(3) NOT NULL,
  `END_TIME_` datetime(3) DEFAULT NULL,
  `DURATION_` bigint(20) DEFAULT NULL,
  `START_USER_ID_` varchar(255) COLLATE utf8_bin DEFAULT NULL,
  `START_ACT_ID_` varchar(255) COLLATE utf8_bin DEFAULT NULL,
  `END_ACT_ID_` varchar(255) COLLATE utf8_bin DEFAULT NULL,
  `SUPER_PROCESS_INSTANCE_ID_` varchar(64) COLLATE utf8_bin DEFAULT NULL,
  `DELETE_REASON_` varchar(4000) COLLATE utf8_bin DEFAULT NULL,
  `TENANT_ID_` varchar(255) COLLATE utf8_bin DEFAULT '',
  PRIMARY KEY (`ID_`),
  UNIQUE KEY `PROC_INST_ID_` (`PROC_INST_ID_`),
  KEY `ACT_IDX_HI_PRO_INST_END` (`END_TIME_`),
  KEY `ACT_IDX_HI_PRO_I_BUSKEY` (`BUSINESS_KEY_`)
) ENGINE=InnoDB DEFAULT CHARSET=utf8 COLLATE=utf8_bin;

-- ----------------------------
-- Records of act_hi_procinst
-- ----------------------------

-- ----------------------------
-- Table structure for act_hi_taskinst
-- ----------------------------
DROP TABLE IF EXISTS `act_hi_taskinst`;
CREATE TABLE `act_hi_taskinst` (
  `ID_` varchar(64) COLLATE utf8_bin NOT NULL,
  `PROC_DEF_ID_` varchar(64) COLLATE utf8_bin DEFAULT NULL,
  `TASK_DEF_KEY_` varchar(255) COLLATE utf8_bin DEFAULT NULL,
  `PROC_INST_ID_` varchar(64) COLLATE utf8_bin DEFAULT NULL,
  `EXECUTION_ID_` varchar(64) COLLATE utf8_bin DEFAULT NULL,
  `NAME_` varchar(255) COLLATE utf8_bin DEFAULT NULL,
  `PARENT_TASK_ID_` varchar(64) COLLATE utf8_bin DEFAULT NULL,
  `DESCRIPTION_` varchar(4000) COLLATE utf8_bin DEFAULT NULL,
  `OWNER_` varchar(255) COLLATE utf8_bin DEFAULT NULL,
  `ASSIGNEE_` varchar(255) COLLATE utf8_bin DEFAULT NULL,
  `START_TIME_` datetime(3) NOT NULL,
  `CLAIM_TIME_` datetime(3) DEFAULT NULL,
  `END_TIME_` datetime(3) DEFAULT NULL,
  `DURATION_` bigint(20) DEFAULT NULL,
  `DELETE_REASON_` varchar(4000) COLLATE utf8_bin DEFAULT NULL,
  `PRIORITY_` int(11) DEFAULT NULL,
  `DUE_DATE_` datetime(3) DEFAULT NULL,
  `FORM_KEY_` varchar(255) COLLATE utf8_bin DEFAULT NULL,
  `CATEGORY_` varchar(255) COLLATE utf8_bin DEFAULT NULL,
  `TENANT_ID_` varchar(255) COLLATE utf8_bin DEFAULT '',
  PRIMARY KEY (`ID_`)
) ENGINE=InnoDB DEFAULT CHARSET=utf8 COLLATE=utf8_bin;

-- ----------------------------
-- Records of act_hi_taskinst
-- ----------------------------

-- ----------------------------
-- Table structure for act_hi_varinst
-- ----------------------------
DROP TABLE IF EXISTS `act_hi_varinst`;
CREATE TABLE `act_hi_varinst` (
  `ID_` varchar(64) COLLATE utf8_bin NOT NULL,
  `PROC_INST_ID_` varchar(64) COLLATE utf8_bin DEFAULT NULL,
  `EXECUTION_ID_` varchar(64) COLLATE utf8_bin DEFAULT NULL,
  `TASK_ID_` varchar(64) COLLATE utf8_bin DEFAULT NULL,
  `NAME_` varchar(255) COLLATE utf8_bin NOT NULL,
  `VAR_TYPE_` varchar(100) COLLATE utf8_bin DEFAULT NULL,
  `REV_` int(11) DEFAULT NULL,
  `BYTEARRAY_ID_` varchar(64) COLLATE utf8_bin DEFAULT NULL,
  `DOUBLE_` double DEFAULT NULL,
  `LONG_` bigint(20) DEFAULT NULL,
  `TEXT_` varchar(4000) COLLATE utf8_bin DEFAULT NULL,
  `TEXT2_` varchar(4000) COLLATE utf8_bin DEFAULT NULL,
  `CREATE_TIME_` datetime(3) DEFAULT NULL,
  `LAST_UPDATED_TIME_` datetime(3) DEFAULT NULL,
  PRIMARY KEY (`ID_`),
  KEY `ACT_IDX_HI_PROCVAR_PROC_INST` (`PROC_INST_ID_`),
  KEY `ACT_IDX_HI_PROCVAR_NAME_TYPE` (`NAME_`,`VAR_TYPE_`)
) ENGINE=InnoDB DEFAULT CHARSET=utf8 COLLATE=utf8_bin;

-- ----------------------------
-- Records of act_hi_varinst
-- ----------------------------

-- ----------------------------
-- Table structure for act_id_group
-- ----------------------------
DROP TABLE IF EXISTS `act_id_group`;
CREATE TABLE `act_id_group` (
  `ID_` varchar(64) COLLATE utf8_bin NOT NULL DEFAULT '',
  `REV_` int(11) DEFAULT NULL,
  `NAME_` varchar(255) COLLATE utf8_bin DEFAULT NULL,
  `TYPE_` varchar(255) COLLATE utf8_bin DEFAULT NULL,
  PRIMARY KEY (`ID_`)
) ENGINE=InnoDB DEFAULT CHARSET=utf8 COLLATE=utf8_bin;

-- ----------------------------
-- Records of act_id_group
-- ----------------------------

-- ----------------------------
-- Table structure for act_id_info
-- ----------------------------
DROP TABLE IF EXISTS `act_id_info`;
CREATE TABLE `act_id_info` (
  `ID_` varchar(64) COLLATE utf8_bin NOT NULL DEFAULT '',
  `REV_` int(11) DEFAULT NULL,
  `USER_ID_` varchar(64) COLLATE utf8_bin DEFAULT NULL,
  `TYPE_` varchar(64) COLLATE utf8_bin DEFAULT NULL,
  `KEY_` varchar(255) COLLATE utf8_bin DEFAULT NULL,
  `VALUE_` varchar(255) COLLATE utf8_bin DEFAULT NULL,
  `PASSWORD_` longblob,
  `PARENT_ID_` varchar(255) COLLATE utf8_bin DEFAULT NULL,
  PRIMARY KEY (`ID_`)
) ENGINE=InnoDB DEFAULT CHARSET=utf8 COLLATE=utf8_bin;

-- ----------------------------
-- Records of act_id_info
-- ----------------------------

-- ----------------------------
-- Table structure for act_id_membership
-- ----------------------------
DROP TABLE IF EXISTS `act_id_membership`;
CREATE TABLE `act_id_membership` (
  `USER_ID_` varchar(64) COLLATE utf8_bin NOT NULL DEFAULT '',
  `GROUP_ID_` varchar(64) COLLATE utf8_bin NOT NULL DEFAULT '',
  PRIMARY KEY (`USER_ID_`,`GROUP_ID_`),
  KEY `ACT_FK_MEMB_GROUP` (`GROUP_ID_`),
  CONSTRAINT `ACT_FK_MEMB_USER` FOREIGN KEY (`USER_ID_`) REFERENCES `act_id_user` (`ID_`),
  CONSTRAINT `ACT_FK_MEMB_GROUP` FOREIGN KEY (`GROUP_ID_`) REFERENCES `act_id_group` (`ID_`)
) ENGINE=InnoDB DEFAULT CHARSET=utf8 COLLATE=utf8_bin;

-- ----------------------------
-- Records of act_id_membership
-- ----------------------------

-- ----------------------------
-- Table structure for act_id_user
-- ----------------------------
DROP TABLE IF EXISTS `act_id_user`;
CREATE TABLE `act_id_user` (
  `ID_` varchar(64) COLLATE utf8_bin NOT NULL DEFAULT '',
  `REV_` int(11) DEFAULT NULL,
  `FIRST_` varchar(255) COLLATE utf8_bin DEFAULT NULL,
  `LAST_` varchar(255) COLLATE utf8_bin DEFAULT NULL,
  `EMAIL_` varchar(255) COLLATE utf8_bin DEFAULT NULL,
  `PWD_` varchar(255) COLLATE utf8_bin DEFAULT NULL,
  `PICTURE_ID_` varchar(64) COLLATE utf8_bin DEFAULT NULL,
  PRIMARY KEY (`ID_`)
) ENGINE=InnoDB DEFAULT CHARSET=utf8 COLLATE=utf8_bin;

-- ----------------------------
-- Records of act_id_user
-- ----------------------------

-- ----------------------------
-- Table structure for act_re_deployment
-- ----------------------------
DROP TABLE IF EXISTS `act_re_deployment`;
CREATE TABLE `act_re_deployment` (
  `ID_` varchar(64) COLLATE utf8_bin NOT NULL DEFAULT '',
  `NAME_` varchar(255) COLLATE utf8_bin DEFAULT NULL,
  `CATEGORY_` varchar(255) COLLATE utf8_bin DEFAULT NULL,
  `TENANT_ID_` varchar(255) COLLATE utf8_bin DEFAULT '',
  `DEPLOY_TIME_` timestamp(3) NOT NULL DEFAULT CURRENT_TIMESTAMP(3) ON UPDATE CURRENT_TIMESTAMP(3),
  PRIMARY KEY (`ID_`)
) ENGINE=InnoDB DEFAULT CHARSET=utf8 COLLATE=utf8_bin;

-- ----------------------------
-- Records of act_re_deployment
-- ----------------------------
INSERT INTO `act_re_deployment` VALUES ('1', null, null, '', '2014-05-14 22:30:15.000');
INSERT INTO `act_re_deployment` VALUES ('13', null, null, '', '2014-05-14 22:31:20.000');
INSERT INTO `act_re_deployment` VALUES ('5', null, null, '', '2014-05-14 22:30:44.000');
INSERT INTO `act_re_deployment` VALUES ('9', null, null, '', '2014-05-14 22:31:03.000');

-- ----------------------------
-- Table structure for act_re_model
-- ----------------------------
DROP TABLE IF EXISTS `act_re_model`;
CREATE TABLE `act_re_model` (
  `ID_` varchar(64) COLLATE utf8_bin NOT NULL,
  `REV_` int(11) DEFAULT NULL,
  `NAME_` varchar(255) COLLATE utf8_bin DEFAULT NULL,
  `KEY_` varchar(255) COLLATE utf8_bin DEFAULT NULL,
  `CATEGORY_` varchar(255) COLLATE utf8_bin DEFAULT NULL,
  `CREATE_TIME_` timestamp(3) NULL DEFAULT NULL,
  `LAST_UPDATE_TIME_` timestamp(3) NULL DEFAULT NULL,
  `VERSION_` int(11) DEFAULT NULL,
  `META_INFO_` varchar(4000) COLLATE utf8_bin DEFAULT NULL,
  `DEPLOYMENT_ID_` varchar(64) COLLATE utf8_bin DEFAULT NULL,
  `EDITOR_SOURCE_VALUE_ID_` varchar(64) COLLATE utf8_bin DEFAULT NULL,
  `EDITOR_SOURCE_EXTRA_VALUE_ID_` varchar(64) COLLATE utf8_bin DEFAULT NULL,
  `TENANT_ID_` varchar(255) COLLATE utf8_bin DEFAULT '',
  PRIMARY KEY (`ID_`),
  KEY `ACT_FK_MODEL_SOURCE` (`EDITOR_SOURCE_VALUE_ID_`),
  KEY `ACT_FK_MODEL_SOURCE_EXTRA` (`EDITOR_SOURCE_EXTRA_VALUE_ID_`),
  KEY `ACT_FK_MODEL_DEPLOYMENT` (`DEPLOYMENT_ID_`),
  CONSTRAINT `ACT_FK_MODEL_DEPLOYMENT` FOREIGN KEY (`DEPLOYMENT_ID_`) REFERENCES `act_re_deployment` (`ID_`),
  CONSTRAINT `ACT_FK_MODEL_SOURCE` FOREIGN KEY (`EDITOR_SOURCE_VALUE_ID_`) REFERENCES `act_ge_bytearray` (`ID_`),
  CONSTRAINT `ACT_FK_MODEL_SOURCE_EXTRA` FOREIGN KEY (`EDITOR_SOURCE_EXTRA_VALUE_ID_`) REFERENCES `act_ge_bytearray` (`ID_`)
) ENGINE=InnoDB DEFAULT CHARSET=utf8 COLLATE=utf8_bin;

-- ----------------------------
-- Records of act_re_model
-- ----------------------------

-- ----------------------------
-- Table structure for act_re_procdef
-- ----------------------------
DROP TABLE IF EXISTS `act_re_procdef`;
CREATE TABLE `act_re_procdef` (
  `ID_` varchar(64) COLLATE utf8_bin NOT NULL,
  `REV_` int(11) DEFAULT NULL,
  `CATEGORY_` varchar(255) COLLATE utf8_bin DEFAULT NULL,
  `NAME_` varchar(255) COLLATE utf8_bin DEFAULT NULL,
  `KEY_` varchar(255) COLLATE utf8_bin NOT NULL,
  `VERSION_` int(11) NOT NULL,
  `DEPLOYMENT_ID_` varchar(64) COLLATE utf8_bin DEFAULT NULL,
  `RESOURCE_NAME_` varchar(4000) COLLATE utf8_bin DEFAULT NULL,
  `DGRM_RESOURCE_NAME_` varchar(4000) COLLATE utf8_bin DEFAULT NULL,
  `DESCRIPTION_` varchar(4000) COLLATE utf8_bin DEFAULT NULL,
  `HAS_START_FORM_KEY_` tinyint(4) DEFAULT NULL,
  `SUSPENSION_STATE_` int(11) DEFAULT NULL,
  `TENANT_ID_` varchar(255) COLLATE utf8_bin DEFAULT '',
  PRIMARY KEY (`ID_`),
  UNIQUE KEY `ACT_UNIQ_PROCDEF` (`KEY_`,`VERSION_`,`TENANT_ID_`)
) ENGINE=InnoDB DEFAULT CHARSET=utf8 COLLATE=utf8_bin;

-- ----------------------------
-- Records of act_re_procdef
-- ----------------------------
INSERT INTO `act_re_procdef` VALUES ('taskBook:1:8', '1', 'http://www.activiti.org/test', '', 'taskBook', '1', '5', 'taskBook.bpmn', 'taskBook.taskBook.png', null, '0', '1', '');
INSERT INTO `act_re_procdef` VALUES ('thesisProposal:1:12', '1', 'http://www.activiti.org/test', '', 'thesisProposal', '1', '9', 'thesisProposal.bpmn', 'thesisProposal.thesisProposal.png', null, '0', '1', '');
INSERT INTO `act_re_procdef` VALUES ('thesisScript:1:16', '1', 'http://www.activiti.org/test', '', 'thesisScript', '1', '13', 'thesisScript.bpmn', 'thesisScript.thesisScript.png', null, '0', '1', '');
INSERT INTO `act_re_procdef` VALUES ('topic:1:4', '1', 'http://www.activiti.org/test', '', 'topic', '1', '1', 'topic.bpmn', 'topic.topic.png', null, '0', '1', '');

-- ----------------------------
-- Table structure for act_ru_event_subscr
-- ----------------------------
DROP TABLE IF EXISTS `act_ru_event_subscr`;
CREATE TABLE `act_ru_event_subscr` (
  `ID_` varchar(64) COLLATE utf8_bin NOT NULL,
  `REV_` int(11) DEFAULT NULL,
  `EVENT_TYPE_` varchar(255) COLLATE utf8_bin NOT NULL,
  `EVENT_NAME_` varchar(255) COLLATE utf8_bin DEFAULT NULL,
  `EXECUTION_ID_` varchar(64) COLLATE utf8_bin DEFAULT NULL,
  `PROC_INST_ID_` varchar(64) COLLATE utf8_bin DEFAULT NULL,
  `ACTIVITY_ID_` varchar(64) COLLATE utf8_bin DEFAULT NULL,
  `CONFIGURATION_` varchar(255) COLLATE utf8_bin DEFAULT NULL,
  `CREATED_` timestamp(3) NOT NULL DEFAULT CURRENT_TIMESTAMP(3),
  `PROC_DEF_ID_` varchar(64) COLLATE utf8_bin DEFAULT NULL,
  `TENANT_ID_` varchar(255) COLLATE utf8_bin DEFAULT '',
  PRIMARY KEY (`ID_`),
  KEY `ACT_IDX_EVENT_SUBSCR_CONFIG_` (`CONFIGURATION_`),
  KEY `ACT_FK_EVENT_EXEC` (`EXECUTION_ID_`),
  CONSTRAINT `ACT_FK_EVENT_EXEC` FOREIGN KEY (`EXECUTION_ID_`) REFERENCES `act_ru_execution` (`ID_`)
) ENGINE=InnoDB DEFAULT CHARSET=utf8 COLLATE=utf8_bin;

-- ----------------------------
-- Records of act_ru_event_subscr
-- ----------------------------

-- ----------------------------
-- Table structure for act_ru_execution
-- ----------------------------
DROP TABLE IF EXISTS `act_ru_execution`;
CREATE TABLE `act_ru_execution` (
  `ID_` varchar(64) COLLATE utf8_bin NOT NULL DEFAULT '',
  `REV_` int(11) DEFAULT NULL,
  `PROC_INST_ID_` varchar(64) COLLATE utf8_bin DEFAULT NULL,
  `BUSINESS_KEY_` varchar(255) COLLATE utf8_bin DEFAULT NULL,
  `PARENT_ID_` varchar(64) COLLATE utf8_bin DEFAULT NULL,
  `PROC_DEF_ID_` varchar(64) COLLATE utf8_bin DEFAULT NULL,
  `SUPER_EXEC_` varchar(64) COLLATE utf8_bin DEFAULT NULL,
  `ACT_ID_` varchar(255) COLLATE utf8_bin DEFAULT NULL,
  `IS_ACTIVE_` tinyint(4) DEFAULT NULL,
  `IS_CONCURRENT_` tinyint(4) DEFAULT NULL,
  `IS_SCOPE_` tinyint(4) DEFAULT NULL,
  `IS_EVENT_SCOPE_` tinyint(4) DEFAULT NULL,
  `SUSPENSION_STATE_` int(11) DEFAULT NULL,
  `CACHED_ENT_STATE_` int(11) DEFAULT NULL,
  `TENANT_ID_` varchar(255) COLLATE utf8_bin DEFAULT '',
  PRIMARY KEY (`ID_`),
  KEY `ACT_IDX_EXEC_BUSKEY` (`BUSINESS_KEY_`),
  KEY `ACT_FK_EXE_PROCINST` (`PROC_INST_ID_`),
  KEY `ACT_FK_EXE_PARENT` (`PARENT_ID_`),
  KEY `ACT_FK_EXE_SUPER` (`SUPER_EXEC_`),
  KEY `ACT_FK_EXE_PROCDEF` (`PROC_DEF_ID_`),
  CONSTRAINT `ACT_FK_EXE_PROCDEF` FOREIGN KEY (`PROC_DEF_ID_`) REFERENCES `act_re_procdef` (`ID_`),
  CONSTRAINT `ACT_FK_EXE_PARENT` FOREIGN KEY (`PARENT_ID_`) REFERENCES `act_ru_execution` (`ID_`),
  CONSTRAINT `ACT_FK_EXE_PROCINST` FOREIGN KEY (`PROC_INST_ID_`) REFERENCES `act_ru_execution` (`ID_`) ON DELETE CASCADE ON UPDATE CASCADE,
  CONSTRAINT `ACT_FK_EXE_SUPER` FOREIGN KEY (`SUPER_EXEC_`) REFERENCES `act_ru_execution` (`ID_`)
) ENGINE=InnoDB DEFAULT CHARSET=utf8 COLLATE=utf8_bin;

-- ----------------------------
-- Records of act_ru_execution
-- ----------------------------

-- ----------------------------
-- Table structure for act_ru_identitylink
-- ----------------------------
DROP TABLE IF EXISTS `act_ru_identitylink`;
CREATE TABLE `act_ru_identitylink` (
  `ID_` varchar(64) COLLATE utf8_bin NOT NULL DEFAULT '',
  `REV_` int(11) DEFAULT NULL,
  `GROUP_ID_` varchar(255) COLLATE utf8_bin DEFAULT NULL,
  `TYPE_` varchar(255) COLLATE utf8_bin DEFAULT NULL,
  `USER_ID_` varchar(255) COLLATE utf8_bin DEFAULT NULL,
  `TASK_ID_` varchar(64) COLLATE utf8_bin DEFAULT NULL,
  `PROC_INST_ID_` varchar(64) COLLATE utf8_bin DEFAULT NULL,
  `PROC_DEF_ID_` varchar(64) COLLATE utf8_bin DEFAULT NULL,
  PRIMARY KEY (`ID_`),
  KEY `ACT_IDX_IDENT_LNK_USER` (`USER_ID_`),
  KEY `ACT_IDX_IDENT_LNK_GROUP` (`GROUP_ID_`),
  KEY `ACT_IDX_ATHRZ_PROCEDEF` (`PROC_DEF_ID_`),
  KEY `ACT_FK_TSKASS_TASK` (`TASK_ID_`),
  KEY `ACT_FK_IDL_PROCINST` (`PROC_INST_ID_`),
  CONSTRAINT `ACT_FK_IDL_PROCINST` FOREIGN KEY (`PROC_INST_ID_`) REFERENCES `act_ru_execution` (`ID_`),
  CONSTRAINT `ACT_FK_ATHRZ_PROCEDEF` FOREIGN KEY (`PROC_DEF_ID_`) REFERENCES `act_re_procdef` (`ID_`),
  CONSTRAINT `ACT_FK_TSKASS_TASK` FOREIGN KEY (`TASK_ID_`) REFERENCES `act_ru_task` (`ID_`)
) ENGINE=InnoDB DEFAULT CHARSET=utf8 COLLATE=utf8_bin;

-- ----------------------------
-- Records of act_ru_identitylink
-- ----------------------------

-- ----------------------------
-- Table structure for act_ru_job
-- ----------------------------
DROP TABLE IF EXISTS `act_ru_job`;
CREATE TABLE `act_ru_job` (
  `ID_` varchar(64) COLLATE utf8_bin NOT NULL,
  `REV_` int(11) DEFAULT NULL,
  `TYPE_` varchar(255) COLLATE utf8_bin NOT NULL,
  `LOCK_EXP_TIME_` timestamp(3) NULL DEFAULT NULL,
  `LOCK_OWNER_` varchar(255) COLLATE utf8_bin DEFAULT NULL,
  `EXCLUSIVE_` tinyint(1) DEFAULT NULL,
  `EXECUTION_ID_` varchar(64) COLLATE utf8_bin DEFAULT NULL,
  `PROCESS_INSTANCE_ID_` varchar(64) COLLATE utf8_bin DEFAULT NULL,
  `PROC_DEF_ID_` varchar(64) COLLATE utf8_bin DEFAULT NULL,
  `RETRIES_` int(11) DEFAULT NULL,
  `EXCEPTION_STACK_ID_` varchar(64) COLLATE utf8_bin DEFAULT NULL,
  `EXCEPTION_MSG_` varchar(4000) COLLATE utf8_bin DEFAULT NULL,
  `DUEDATE_` timestamp(3) NULL DEFAULT NULL,
  `REPEAT_` varchar(255) COLLATE utf8_bin DEFAULT NULL,
  `HANDLER_TYPE_` varchar(255) COLLATE utf8_bin DEFAULT NULL,
  `HANDLER_CFG_` varchar(4000) COLLATE utf8_bin DEFAULT NULL,
  `TENANT_ID_` varchar(255) COLLATE utf8_bin DEFAULT '',
  PRIMARY KEY (`ID_`),
  KEY `ACT_FK_JOB_EXCEPTION` (`EXCEPTION_STACK_ID_`),
  CONSTRAINT `ACT_FK_JOB_EXCEPTION` FOREIGN KEY (`EXCEPTION_STACK_ID_`) REFERENCES `act_ge_bytearray` (`ID_`)
) ENGINE=InnoDB DEFAULT CHARSET=utf8 COLLATE=utf8_bin;

-- ----------------------------
-- Records of act_ru_job
-- ----------------------------

-- ----------------------------
-- Table structure for act_ru_task
-- ----------------------------
DROP TABLE IF EXISTS `act_ru_task`;
CREATE TABLE `act_ru_task` (
  `ID_` varchar(64) COLLATE utf8_bin NOT NULL DEFAULT '',
  `REV_` int(11) DEFAULT NULL,
  `EXECUTION_ID_` varchar(64) COLLATE utf8_bin DEFAULT NULL,
  `PROC_INST_ID_` varchar(64) COLLATE utf8_bin DEFAULT NULL,
  `PROC_DEF_ID_` varchar(64) COLLATE utf8_bin DEFAULT NULL,
  `NAME_` varchar(255) COLLATE utf8_bin DEFAULT NULL,
  `PARENT_TASK_ID_` varchar(64) COLLATE utf8_bin DEFAULT NULL,
  `DESCRIPTION_` varchar(4000) COLLATE utf8_bin DEFAULT NULL,
  `TASK_DEF_KEY_` varchar(255) COLLATE utf8_bin DEFAULT NULL,
  `OWNER_` varchar(255) COLLATE utf8_bin DEFAULT NULL,
  `ASSIGNEE_` varchar(255) COLLATE utf8_bin DEFAULT NULL,
  `DELEGATION_` varchar(64) COLLATE utf8_bin DEFAULT NULL,
  `PRIORITY_` int(11) DEFAULT NULL,
  `CREATE_TIME_` timestamp(3) NOT NULL DEFAULT CURRENT_TIMESTAMP(3) ON UPDATE CURRENT_TIMESTAMP(3),
  `DUE_DATE_` datetime(3) DEFAULT NULL,
  `CATEGORY_` varchar(255) COLLATE utf8_bin DEFAULT NULL,
  `SUSPENSION_STATE_` int(11) DEFAULT NULL,
  `TENANT_ID_` varchar(255) COLLATE utf8_bin DEFAULT '',
  PRIMARY KEY (`ID_`),
  KEY `ACT_IDX_TASK_CREATE` (`CREATE_TIME_`),
  KEY `ACT_FK_TASK_EXE` (`EXECUTION_ID_`),
  KEY `ACT_FK_TASK_PROCINST` (`PROC_INST_ID_`),
  KEY `ACT_FK_TASK_PROCDEF` (`PROC_DEF_ID_`),
  CONSTRAINT `ACT_FK_TASK_PROCDEF` FOREIGN KEY (`PROC_DEF_ID_`) REFERENCES `act_re_procdef` (`ID_`),
  CONSTRAINT `ACT_FK_TASK_EXE` FOREIGN KEY (`EXECUTION_ID_`) REFERENCES `act_ru_execution` (`ID_`),
  CONSTRAINT `ACT_FK_TASK_PROCINST` FOREIGN KEY (`PROC_INST_ID_`) REFERENCES `act_ru_execution` (`ID_`)
) ENGINE=InnoDB DEFAULT CHARSET=utf8 COLLATE=utf8_bin;

-- ----------------------------
-- Records of act_ru_task
-- ----------------------------

-- ----------------------------
-- Table structure for act_ru_variable
-- ----------------------------
DROP TABLE IF EXISTS `act_ru_variable`;
CREATE TABLE `act_ru_variable` (
  `ID_` varchar(64) COLLATE utf8_bin NOT NULL,
  `REV_` int(11) DEFAULT NULL,
  `TYPE_` varchar(255) COLLATE utf8_bin NOT NULL,
  `NAME_` varchar(255) COLLATE utf8_bin NOT NULL,
  `EXECUTION_ID_` varchar(64) COLLATE utf8_bin DEFAULT NULL,
  `PROC_INST_ID_` varchar(64) COLLATE utf8_bin DEFAULT NULL,
  `TASK_ID_` varchar(64) COLLATE utf8_bin DEFAULT NULL,
  `BYTEARRAY_ID_` varchar(64) COLLATE utf8_bin DEFAULT NULL,
  `DOUBLE_` double DEFAULT NULL,
  `LONG_` bigint(20) DEFAULT NULL,
  `TEXT_` varchar(4000) COLLATE utf8_bin DEFAULT NULL,
  `TEXT2_` varchar(4000) COLLATE utf8_bin DEFAULT NULL,
  PRIMARY KEY (`ID_`),
  KEY `ACT_IDX_VARIABLE_TASK_ID` (`TASK_ID_`),
  KEY `ACT_FK_VAR_EXE` (`EXECUTION_ID_`),
  KEY `ACT_FK_VAR_PROCINST` (`PROC_INST_ID_`),
  KEY `ACT_FK_VAR_BYTEARRAY` (`BYTEARRAY_ID_`),
  CONSTRAINT `ACT_FK_VAR_BYTEARRAY` FOREIGN KEY (`BYTEARRAY_ID_`) REFERENCES `act_ge_bytearray` (`ID_`),
  CONSTRAINT `ACT_FK_VAR_EXE` FOREIGN KEY (`EXECUTION_ID_`) REFERENCES `act_ru_execution` (`ID_`),
  CONSTRAINT `ACT_FK_VAR_PROCINST` FOREIGN KEY (`PROC_INST_ID_`) REFERENCES `act_ru_execution` (`ID_`)
) ENGINE=InnoDB DEFAULT CHARSET=utf8 COLLATE=utf8_bin;

-- ----------------------------
-- Records of act_ru_variable
-- ----------------------------

-- ----------------------------
-- Table structure for institute
-- ----------------------------
DROP TABLE IF EXISTS `institute`;
CREATE TABLE `institute` (
  `id_` bigint(20) NOT NULL AUTO_INCREMENT,
  `institute_name_` varchar(30) DEFAULT NULL,
  PRIMARY KEY (`id_`)
) ENGINE=InnoDB AUTO_INCREMENT=4 DEFAULT CHARSET=utf8;

-- ----------------------------
-- Records of institute
-- ----------------------------
INSERT INTO `institute` VALUES ('1', '');
INSERT INTO `institute` VALUES ('2', '');
INSERT INTO `institute` VALUES ('3', '');

-- ----------------------------
-- Table structure for major
-- ----------------------------
DROP TABLE IF EXISTS `major`;
CREATE TABLE `major` (
  `id_` bigint(20) NOT NULL AUTO_INCREMENT,
  `major_name_` varchar(40) DEFAULT NULL,
  PRIMARY KEY (`id_`)
) ENGINE=InnoDB AUTO_INCREMENT=4 DEFAULT CHARSET=utf8;

-- ----------------------------
-- Records of major
-- ----------------------------
INSERT INTO `major` VALUES ('1', '');
INSERT INTO `major` VALUES ('2', '');
INSERT INTO `major` VALUES ('3', '');

-- ----------------------------
-- Table structure for mark
-- ----------------------------
DROP TABLE IF EXISTS `mark`;
CREATE TABLE `mark` (
  `id_` bigint(20) NOT NULL AUTO_INCREMENT,
  `start_date_` date DEFAULT NULL,
  `status_` int(11) DEFAULT NULL,
  `lecture_grade_` int(11) DEFAULT '0',
  `total_grade_` int(11) DEFAULT '0',
  `tutor_grade_` int(11) DEFAULT '0',
  `uuid_` varchar(255) DEFAULT NULL,
  `viewer_grade_` int(11) DEFAULT '0',
  `user_id_` bigint(20) DEFAULT NULL,
  `student_id_` bigint(20) DEFAULT NULL,
  `tutor_id_` bigint(20) DEFAULT NULL,
  `viewer_id_` bigint(20) DEFAULT NULL,
  PRIMARY KEY (`id_`),
  KEY `FK3306CDC83E8594` (`user_id_`),
  KEY `FK3306CDE3C6DCA2` (`student_id_`),
  KEY `FK3306CDD6BC45C4` (`tutor_id_`),
  KEY `FK3306CD213512A0` (`viewer_id_`),
  CONSTRAINT `FK3306CD213512A0` FOREIGN KEY (`viewer_id_`) REFERENCES `teacher` (`id_`),
  CONSTRAINT `FK3306CDC83E8594` FOREIGN KEY (`user_id_`) REFERENCES `user` (`id_`),
  CONSTRAINT `FK3306CDD6BC45C4` FOREIGN KEY (`tutor_id_`) REFERENCES `teacher` (`id_`),
  CONSTRAINT `FK3306CDE3C6DCA2` FOREIGN KEY (`student_id_`) REFERENCES `student` (`id_`)
) ENGINE=InnoDB DEFAULT CHARSET=utf8;

-- ----------------------------
-- Records of mark
-- ----------------------------

-- ----------------------------
-- Table structure for midcheck
-- ----------------------------
DROP TABLE IF EXISTS `midcheck`;
CREATE TABLE `midcheck` (
  `id_` bigint(20) NOT NULL AUTO_INCREMENT,
  `start_date_` date DEFAULT NULL,
  `status_` int(11) DEFAULT NULL,
  `first_content_` text,
  `second_content_` text,
  `third_content_` text,
  `user_id_` bigint(20) DEFAULT NULL,
  `teacher_id_` bigint(20) DEFAULT NULL,
  PRIMARY KEY (`id_`),
  KEY `FK9BD3FBA0C83E8594` (`user_id_`),
  KEY `FK9BD3FBA0D4924470` (`teacher_id_`),
  CONSTRAINT `FK9BD3FBA0D4924470` FOREIGN KEY (`teacher_id_`) REFERENCES `teacher` (`id_`),
  CONSTRAINT `FK9BD3FBA0C83E8594` FOREIGN KEY (`user_id_`) REFERENCES `user` (`id_`)
) ENGINE=InnoDB DEFAULT CHARSET=utf8;

-- ----------------------------
-- Records of midcheck
-- ----------------------------

-- ----------------------------
-- Table structure for resource
-- ----------------------------
DROP TABLE IF EXISTS `resource`;
CREATE TABLE `resource` (
  `id_` bigint(20) NOT NULL AUTO_INCREMENT,
  `url_` varchar(255) DEFAULT NULL,
  PRIMARY KEY (`id_`)
) ENGINE=InnoDB AUTO_INCREMENT=7 DEFAULT CHARSET=utf8;

-- ----------------------------
-- Records of resource
-- ----------------------------
INSERT INTO `resource` VALUES ('1', '/security/');
INSERT INTO `resource` VALUES ('2', '/process/');
INSERT INTO `resource` VALUES ('3', '/process/task!findPage.action');
INSERT INTO `resource` VALUES ('4', '/druid/index.html');
INSERT INTO `resource` VALUES ('5', '/manageMajor/teacher!findPage.action');
INSERT INTO `resource` VALUES ('6', '/thesis/');

-- ----------------------------
-- Table structure for role
-- ----------------------------
DROP TABLE IF EXISTS `role`;
CREATE TABLE `role` (
  `id_` bigint(20) NOT NULL AUTO_INCREMENT,
  `role_name_` varchar(255) DEFAULT NULL,
  PRIMARY KEY (`id_`)
) ENGINE=InnoDB AUTO_INCREMENT=7 DEFAULT CHARSET=utf8;

-- ----------------------------
-- Records of role
-- ----------------------------
INSERT INTO `role` VALUES ('1', '');
INSERT INTO `role` VALUES ('2', '');
INSERT INTO `role` VALUES ('3', '');
INSERT INTO `role` VALUES ('4', '');
INSERT INTO `role` VALUES ('5', '');
INSERT INTO `role` VALUES ('6', '');

-- ----------------------------
-- Table structure for role_resource
-- ----------------------------
DROP TABLE IF EXISTS `role_resource`;
CREATE TABLE `role_resource` (
  `role_id_` bigint(20) NOT NULL,
  `resource_id_` bigint(20) NOT NULL,
  PRIMARY KEY (`role_id_`,`resource_id_`),
  KEY `FKAEE599B7FB2DE81A` (`resource_id_`),
  KEY `FKAEE599B7C83B616A` (`role_id_`),
  CONSTRAINT `FKAEE599B7C83B616A` FOREIGN KEY (`role_id_`) REFERENCES `role` (`id_`),
  CONSTRAINT `FKAEE599B7FB2DE81A` FOREIGN KEY (`resource_id_`) REFERENCES `resource` (`id_`)
) ENGINE=InnoDB DEFAULT CHARSET=utf8;

-- ----------------------------
-- Records of role_resource
-- ----------------------------
INSERT INTO `role_resource` VALUES ('1', '1');
INSERT INTO `role_resource` VALUES ('1', '2');
INSERT INTO `role_resource` VALUES ('1', '3');
INSERT INTO `role_resource` VALUES ('2', '3');
INSERT INTO `role_resource` VALUES ('3', '3');
INSERT INTO `role_resource` VALUES ('4', '3');
INSERT INTO `role_resource` VALUES ('5', '3');
INSERT INTO `role_resource` VALUES ('6', '3');
INSERT INTO `role_resource` VALUES ('1', '4');
INSERT INTO `role_resource` VALUES ('3', '5');
INSERT INTO `role_resource` VALUES ('2', '6');
INSERT INTO `role_resource` VALUES ('3', '6');
INSERT INTO `role_resource` VALUES ('4', '6');
INSERT INTO `role_resource` VALUES ('5', '6');

-- ----------------------------
-- Table structure for role_user
-- ----------------------------
DROP TABLE IF EXISTS `role_user`;
CREATE TABLE `role_user` (
  `role_id_` bigint(20) NOT NULL,
  `user_id_` bigint(20) NOT NULL,
  PRIMARY KEY (`role_id_`,`user_id_`),
  KEY `FK1407FDF4C83E8594` (`user_id_`),
  KEY `FK1407FDF4C83B616A` (`role_id_`),
  CONSTRAINT `FK1407FDF4C83B616A` FOREIGN KEY (`role_id_`) REFERENCES `role` (`id_`),
  CONSTRAINT `FK1407FDF4C83E8594` FOREIGN KEY (`user_id_`) REFERENCES `user` (`id_`)
) ENGINE=InnoDB DEFAULT CHARSET=utf8;

-- ----------------------------
-- Records of role_user
-- ----------------------------
INSERT INTO `role_user` VALUES ('1', '1');
INSERT INTO `role_user` VALUES ('3', '2');
INSERT INTO `role_user` VALUES ('4', '2');
INSERT INTO `role_user` VALUES ('5', '2');
INSERT INTO `role_user` VALUES ('2', '3');
INSERT INTO `role_user` VALUES ('4', '3');
INSERT INTO `role_user` VALUES ('5', '3');
INSERT INTO `role_user` VALUES ('4', '4');
INSERT INTO `role_user` VALUES ('5', '4');
INSERT INTO `role_user` VALUES ('4', '5');
INSERT INTO `role_user` VALUES ('5', '5');
INSERT INTO `role_user` VALUES ('4', '6');
INSERT INTO `role_user` VALUES ('5', '6');
INSERT INTO `role_user` VALUES ('4', '7');
INSERT INTO `role_user` VALUES ('5', '7');
INSERT INTO `role_user` VALUES ('4', '8');
INSERT INTO `role_user` VALUES ('5', '8');
INSERT INTO `role_user` VALUES ('4', '9');
INSERT INTO `role_user` VALUES ('5', '9');
INSERT INTO `role_user` VALUES ('4', '10');
INSERT INTO `role_user` VALUES ('5', '10');
INSERT INTO `role_user` VALUES ('4', '11');
INSERT INTO `role_user` VALUES ('5', '11');
INSERT INTO `role_user` VALUES ('4', '12');
INSERT INTO `role_user` VALUES ('5', '12');
INSERT INTO `role_user` VALUES ('4', '13');
INSERT INTO `role_user` VALUES ('5', '13');
INSERT INTO `role_user` VALUES ('6', '14');
INSERT INTO `role_user` VALUES ('6', '15');
INSERT INTO `role_user` VALUES ('6', '16');
INSERT INTO `role_user` VALUES ('6', '17');
INSERT INTO `role_user` VALUES ('6', '18');
INSERT INTO `role_user` VALUES ('6', '19');
INSERT INTO `role_user` VALUES ('6', '20');
INSERT INTO `role_user` VALUES ('6', '21');
INSERT INTO `role_user` VALUES ('6', '22');

-- ----------------------------
-- Table structure for student
-- ----------------------------
DROP TABLE IF EXISTS `student`;
CREATE TABLE `student` (
  `id_` bigint(20) NOT NULL AUTO_INCREMENT,
  `gpa_` varchar(255) DEFAULT NULL,
  `name_` varchar(255) DEFAULT NULL,
  `qq_` varchar(255) DEFAULT NULL,
  `sex_` varchar(1) DEFAULT NULL,
  `student_id_` varchar(12) DEFAULT NULL,
  `student_note_` varchar(255) DEFAULT NULL,
  `tel_` varchar(255) DEFAULT NULL,
  `stu_uuid_` varchar(36) DEFAULT NULL,
  `which_grade_` varchar(255) DEFAULT NULL,
  `class_` varchar(255) DEFAULT NULL,
  `institute_id_` bigint(20) DEFAULT NULL,
  `lastThesisScript_id_` bigint(20) DEFAULT NULL,
  `major_id_` bigint(20) DEFAULT NULL,
  `mark_id_` bigint(20) DEFAULT NULL,
  `taskBook_id_` bigint(20) DEFAULT NULL,
  `teacher_id_` bigint(20) DEFAULT NULL,
  `thesisProposal_id_` bigint(20) DEFAULT NULL,
  `topic_id_` bigint(20) DEFAULT NULL,
  `tutorAdvice_id_` bigint(20) DEFAULT NULL,
  `user_id_` bigint(20) DEFAULT NULL,
  `viewerAdvice_id_` bigint(20) DEFAULT NULL,
  PRIMARY KEY (`id_`),
  KEY `FK8FFE823B39AAF996` (`institute_id_`),
  KEY `FK8FFE823B39560CDB` (`lastThesisScript_id_`),
  KEY `FK8FFE823B53889A5E` (`major_id_`),
  KEY `FK8FFE823B6CAA6991` (`mark_id_`),
  KEY `FK8FFE823B630F0A73` (`taskBook_id_`),
  KEY `FK8FFE823BD4924470` (`teacher_id_`),
  KEY `FK8FFE823B8DFB4493` (`thesisProposal_id_`),
  KEY `FK8FFE823B7838FE71` (`topic_id_`),
  KEY `FK8FFE823B3C60258F` (`tutorAdvice_id_`),
  KEY `FK8FFE823BC83E8594` (`user_id_`),
  KEY `FK8FFE823BCE43A2AB` (`viewerAdvice_id_`),
  CONSTRAINT `FK8FFE823BCE43A2AB` FOREIGN KEY (`viewerAdvice_id_`) REFERENCES `vieweradvice` (`id_`),
  CONSTRAINT `FK8FFE823B39560CDB` FOREIGN KEY (`lastThesisScript_id_`) REFERENCES `thesisscript` (`id_`),
  CONSTRAINT `FK8FFE823B39AAF996` FOREIGN KEY (`institute_id_`) REFERENCES `institute` (`id_`),
  CONSTRAINT `FK8FFE823B3C60258F` FOREIGN KEY (`tutorAdvice_id_`) REFERENCES `tutoradvice` (`id_`),
  CONSTRAINT `FK8FFE823B53889A5E` FOREIGN KEY (`major_id_`) REFERENCES `major` (`id_`),
  CONSTRAINT `FK8FFE823B630F0A73` FOREIGN KEY (`taskBook_id_`) REFERENCES `taskbook` (`id_`),
  CONSTRAINT `FK8FFE823B6CAA6991` FOREIGN KEY (`mark_id_`) REFERENCES `mark` (`id_`),
  CONSTRAINT `FK8FFE823B7838FE71` FOREIGN KEY (`topic_id_`) REFERENCES `topic` (`id_`),
  CONSTRAINT `FK8FFE823B8DFB4493` FOREIGN KEY (`thesisProposal_id_`) REFERENCES `thesisproposal` (`id_`),
  CONSTRAINT `FK8FFE823BC83E8594` FOREIGN KEY (`user_id_`) REFERENCES `user` (`id_`),
  CONSTRAINT `FK8FFE823BD4924470` FOREIGN KEY (`teacher_id_`) REFERENCES `teacher` (`id_`)
) ENGINE=InnoDB AUTO_INCREMENT=10 DEFAULT CHARSET=utf8;

-- ----------------------------
-- Records of student
-- ----------------------------
INSERT INTO `student` VALUES ('1', '3.82', '', '445684932', '2', '100802011016', '', '13750018757', 'd942a83f-9441-43d2-aade-0e5488c161f9', '2014', '1', '1', null, '1', null, null, '1', null, null, null, '14', null);
INSERT INTO `student` VALUES ('2', '3.83', '', '445684933', '2', '100802011017', '', '13750018757', '7f64ba48-c95a-4baf-a6ad-3c99263feda7', '2014', '2', '1', null, '1', null, null, '3', null, null, null, '15', null);
INSERT INTO `student` VALUES ('3', '3.84', '', '445684934', '2', '100802011018', '', '13750018757', 'd632e3f7-28dd-4929-8db0-e458f802303e', '2014', '3', '1', null, '1', null, null, '2', null, null, null, '16', null);
INSERT INTO `student` VALUES ('4', '3.85', '', '445684935', '2', '100802011019', '', '13750018757', 'eade0560-17b9-4dd4-beac-98c7f6ffe1af', '2014', '1', '2', null, '2', null, null, null, null, null, null, '17', null);
INSERT INTO `student` VALUES ('5', '3.86', '', '445684936', '2', '100802011020', '', '13750018757', '69f4cab6-3601-4ad0-91a5-4e308ca6cbbb', '2014', '2', '2', null, '2', null, null, null, null, null, null, '18', null);
INSERT INTO `student` VALUES ('6', '3.87', '', '445684937', '2', '100802011021', '', '13750018757', '535b8966-e916-4367-96c4-855f4b7f49b8', '2014', '1', '1', null, '3', null, null, null, null, null, null, '19', null);
INSERT INTO `student` VALUES ('7', '3.88', '', '445684938', '2', '100802011022', '', '13750018757', 'c8d0dfdd-f2bd-46be-8fac-ce14b80aae91', '2014', '2', '1', null, '3', null, null, null, null, null, null, '20', null);
INSERT INTO `student` VALUES ('8', '3.89', '', '445684939', '2', '100802011023', '', '13750018757', 'af9d58c1-cefd-4cdf-842f-644f8802acb8', '2014', '3', '1', null, '3', null, null, null, null, null, null, '21', null);
INSERT INTO `student` VALUES ('9', '3.90', '', '445684940', '2', '100802011024', '', '13750018757', '80225154-3462-456e-9637-476407a56d0b', '2014', '4', '1', null, '3', null, null, null, null, null, null, '22', null);

-- ----------------------------
-- Table structure for student_thesisscript
-- ----------------------------
DROP TABLE IF EXISTS `student_thesisscript`;
CREATE TABLE `student_thesisscript` (
  `student_id_` bigint(20) NOT NULL,
  `thesisScripts_id_` bigint(20) NOT NULL,
  PRIMARY KEY (`student_id_`,`thesisScripts_id_`),
  KEY `FKF5136E3B391459EA` (`thesisScripts_id_`),
  KEY `FKF5136E3BE3C6DCA2` (`student_id_`),
  CONSTRAINT `FKF5136E3BE3C6DCA2` FOREIGN KEY (`student_id_`) REFERENCES `student` (`id_`),
  CONSTRAINT `FKF5136E3B391459EA` FOREIGN KEY (`thesisScripts_id_`) REFERENCES `thesisscript` (`id_`)
) ENGINE=InnoDB DEFAULT CHARSET=utf8;

-- ----------------------------
-- Records of student_thesisscript
-- ----------------------------

-- ----------------------------
-- Table structure for taskbook
-- ----------------------------
DROP TABLE IF EXISTS `taskbook`;
CREATE TABLE `taskbook` (
  `id_` bigint(20) NOT NULL AUTO_INCREMENT,
  `start_date_` date DEFAULT NULL,
  `status_` int(11) DEFAULT NULL,
  `first_content_` text,
  `second_content_` text,
  `user_id_` bigint(20) DEFAULT NULL,
  `student_id_` bigint(20) DEFAULT NULL,
  `teacher_id_` bigint(20) DEFAULT NULL,
  `topic_id_` bigint(20) DEFAULT NULL,
  PRIMARY KEY (`id_`),
  KEY `FKE7859A0EC83E8594` (`user_id_`),
  KEY `FKE7859A0EE3C6DCA2` (`student_id_`),
  KEY `FKE7859A0ED4924470` (`teacher_id_`),
  KEY `FKE7859A0E7838FE71` (`topic_id_`),
  CONSTRAINT `FKE7859A0E7838FE71` FOREIGN KEY (`topic_id_`) REFERENCES `topic` (`id_`),
  CONSTRAINT `FKE7859A0EC83E8594` FOREIGN KEY (`user_id_`) REFERENCES `user` (`id_`),
  CONSTRAINT `FKE7859A0ED4924470` FOREIGN KEY (`teacher_id_`) REFERENCES `teacher` (`id_`),
  CONSTRAINT `FKE7859A0EE3C6DCA2` FOREIGN KEY (`student_id_`) REFERENCES `student` (`id_`)
) ENGINE=InnoDB DEFAULT CHARSET=utf8;

-- ----------------------------
-- Records of taskbook
-- ----------------------------

-- ----------------------------
-- Table structure for teacher
-- ----------------------------
DROP TABLE IF EXISTS `teacher`;
CREATE TABLE `teacher` (
  `id_` bigint(20) NOT NULL AUTO_INCREMENT,
  `choose_student_run_num` varchar(1) DEFAULT '0',
  `forward_lecture_grade_status_` int(11) DEFAULT '1',
  `forward_tutor_grade_status_` int(11) DEFAULT '1',
  `forward_viewer_grade_status_` int(11) DEFAULT '1',
  `level_` varchar(255) DEFAULT NULL,
  `name_` varchar(255) DEFAULT NULL,
  `real_teach_num_` int(11) DEFAULT '0',
  `sex_` varchar(1) DEFAULT NULL,
  `teach_num_` varchar(255) DEFAULT NULL,
  `teacher_email_` varchar(255) DEFAULT NULL,
  `teacher_id_` varchar(10) DEFAULT NULL,
  `teacher_note_` varchar(255) DEFAULT NULL,
  `teacher_tel_` varchar(255) DEFAULT NULL,
  `teacher_uuid_` varchar(36) DEFAULT NULL,
  `institute_id_` bigint(20) DEFAULT NULL,
  `midCheck_id_` bigint(20) DEFAULT NULL,
  `user_id_` bigint(20) DEFAULT NULL,
  `viewer_id_` bigint(20) DEFAULT NULL,
  PRIMARY KEY (`id_`),
  KEY `FKAA31CBE239AAF996` (`institute_id_`),
  KEY `FKAA31CBE2E004F8D7` (`midCheck_id_`),
  KEY `FKAA31CBE2C83E8594` (`user_id_`),
  KEY `FKAA31CBE2213512A0` (`viewer_id_`),
  CONSTRAINT `FKAA31CBE2213512A0` FOREIGN KEY (`viewer_id_`) REFERENCES `teacher` (`id_`),
  CONSTRAINT `FKAA31CBE239AAF996` FOREIGN KEY (`institute_id_`) REFERENCES `institute` (`id_`),
  CONSTRAINT `FKAA31CBE2C83E8594` FOREIGN KEY (`user_id_`) REFERENCES `user` (`id_`),
  CONSTRAINT `FKAA31CBE2E004F8D7` FOREIGN KEY (`midCheck_id_`) REFERENCES `midcheck` (`id_`)
) ENGINE=InnoDB AUTO_INCREMENT=13 DEFAULT CHARSET=utf8;

-- ----------------------------
-- Records of teacher
-- ----------------------------
INSERT INTO `teacher` VALUES ('1', '4', '1', '1', '1', '', '', '1', '2', '2', 'alan.lili@163.com', '08067', '', '618757', '8af400c8-b8f7-4bec-887e-5510f22fb3e1', '1', null, '2', null);
INSERT INTO `teacher` VALUES ('2', '4', '1', '1', '1', '', '', '1', '2', '1', 'alan.lili@163.com', '08036', '', '618758', 'd6cfbb78-2b47-49ac-8007-1dbad3840ebf', '1', null, '3', null);
INSERT INTO `teacher` VALUES ('3', '4', '1', '1', '1', '', '', '1', '2', '1', 'alan.lili@163.com', '08066', '', '618759', '2df98d4e-129d-405e-853f-152b929bfba8', '1', null, '4', null);
INSERT INTO `teacher` VALUES ('4', '0', '1', '1', '1', '', '', '0', '2', '20', 'alan.lili@163.com', '08191', '', '618760', '501d2579-e3f7-48e2-96e4-5a352fcbe468', '2', null, '5', null);
INSERT INTO `teacher` VALUES ('5', '0', '1', '1', '1', '', '', '0', '2', '20', 'alan.lili@163.com', '08207', '', '618761', '9385998a-11b4-4833-b4f6-a616e81855be', '2', null, '6', null);
INSERT INTO `teacher` VALUES ('6', '0', '1', '1', '1', '', '', '0', '2', '20', 'alan.lili@163.com', '08206', '', '618762', '7c3a980a-b458-41d9-82fc-b77a22b65b64', '1', null, '7', null);
INSERT INTO `teacher` VALUES ('7', '0', '1', '1', '1', '', '', '0', '2', '20', 'alan.lili@163.com', '08082', '', '618763', '675179e5-be87-4d3c-86cd-cc202547d745', '1', null, '8', null);
INSERT INTO `teacher` VALUES ('8', '0', '1', '1', '1', '', '', '0', '2', '20', 'alan.lili@163.com', '08086', '', '618764', '4f6f2967-bc4d-4156-8cbc-2c7f52f99677', '1', null, '9', null);
INSERT INTO `teacher` VALUES ('9', '0', '1', '1', '1', '', '', '0', '2', '20', 'alan.lili@163.com', '08121', '', '618765', '0f5cd1c1-6844-49be-8ccc-385aa7a2a594', '1', null, '10', null);
INSERT INTO `teacher` VALUES ('10', '0', '1', '1', '1', '', '', '0', '2', '20', 'alan.lili@163.com', '15029', '', '618766', '049bbec1-0df2-4bd9-ae64-fe657ba3d936', '1', null, '11', null);
INSERT INTO `teacher` VALUES ('11', '0', '1', '1', '1', '', '', '0', '2', '20', 'alan.lili@163.com', '08081', '', '618767', 'a226942f-d686-4877-8562-eaeba470af87', '1', null, '12', null);
INSERT INTO `teacher` VALUES ('12', '0', '1', '1', '1', '', '', '0', '2', '20', 'alan.lili@163.com', '08119', '', '618768', '28ff689b-ffb6-4b4e-bd05-9a1c8d14563e', '1', null, '13', null);

-- ----------------------------
-- Table structure for teacher_major
-- ----------------------------
DROP TABLE IF EXISTS `teacher_major`;
CREATE TABLE `teacher_major` (
  `teacher_id_` bigint(20) NOT NULL,
  `major_id_` bigint(20) NOT NULL,
  PRIMARY KEY (`teacher_id_`,`major_id_`),
  KEY `FK6DF7F31C53889A5E` (`major_id_`),
  KEY `FK6DF7F31CD4924470` (`teacher_id_`),
  CONSTRAINT `FK6DF7F31CD4924470` FOREIGN KEY (`teacher_id_`) REFERENCES `teacher` (`id_`),
  CONSTRAINT `FK6DF7F31C53889A5E` FOREIGN KEY (`major_id_`) REFERENCES `major` (`id_`)
) ENGINE=InnoDB DEFAULT CHARSET=utf8;

-- ----------------------------
-- Records of teacher_major
-- ----------------------------
INSERT INTO `teacher_major` VALUES ('1', '1');
INSERT INTO `teacher_major` VALUES ('2', '1');
INSERT INTO `teacher_major` VALUES ('3', '1');
INSERT INTO `teacher_major` VALUES ('4', '2');
INSERT INTO `teacher_major` VALUES ('5', '2');
INSERT INTO `teacher_major` VALUES ('6', '3');
INSERT INTO `teacher_major` VALUES ('7', '3');
INSERT INTO `teacher_major` VALUES ('8', '3');
INSERT INTO `teacher_major` VALUES ('9', '3');
INSERT INTO `teacher_major` VALUES ('10', '3');
INSERT INTO `teacher_major` VALUES ('11', '3');
INSERT INTO `teacher_major` VALUES ('12', '3');

-- ----------------------------
-- Table structure for teacher_student
-- ----------------------------
DROP TABLE IF EXISTS `teacher_student`;
CREATE TABLE `teacher_student` (
  `teacher_id_` bigint(20) NOT NULL,
  `students_id_` bigint(20) NOT NULL,
  PRIMARY KEY (`teacher_id_`,`students_id_`),
  KEY `FK2E2EF2DE575F297F` (`students_id_`),
  KEY `FK2E2EF2DED4924470` (`teacher_id_`),
  CONSTRAINT `FK2E2EF2DED4924470` FOREIGN KEY (`teacher_id_`) REFERENCES `teacher` (`id_`),
  CONSTRAINT `FK2E2EF2DE575F297F` FOREIGN KEY (`students_id_`) REFERENCES `student` (`id_`)
) ENGINE=InnoDB DEFAULT CHARSET=utf8;

-- ----------------------------
-- Records of teacher_student
-- ----------------------------
INSERT INTO `teacher_student` VALUES ('1', '1');
INSERT INTO `teacher_student` VALUES ('3', '2');
INSERT INTO `teacher_student` VALUES ('2', '3');

-- ----------------------------
-- Table structure for teacher_teacher
-- ----------------------------
DROP TABLE IF EXISTS `teacher_teacher`;
CREATE TABLE `teacher_teacher` (
  `teacher_id_` bigint(20) NOT NULL,
  `teachers_id_` bigint(20) NOT NULL,
  PRIMARY KEY (`teacher_id_`,`teachers_id_`),
  KEY `FK48623C856DFE19DF` (`teachers_id_`),
  KEY `FK48623C85D4924470` (`teacher_id_`),
  CONSTRAINT `FK48623C85D4924470` FOREIGN KEY (`teacher_id_`) REFERENCES `teacher` (`id_`),
  CONSTRAINT `FK48623C856DFE19DF` FOREIGN KEY (`teachers_id_`) REFERENCES `teacher` (`id_`)
) ENGINE=InnoDB DEFAULT CHARSET=utf8;

-- ----------------------------
-- Records of teacher_teacher
-- ----------------------------

-- ----------------------------
-- Table structure for teacher_tutoradvice
-- ----------------------------
DROP TABLE IF EXISTS `teacher_tutoradvice`;
CREATE TABLE `teacher_tutoradvice` (
  `teacher_id_` bigint(20) NOT NULL,
  `tutorAdvices_id_` bigint(20) NOT NULL,
  PRIMARY KEY (`teacher_id_`,`tutorAdvices_id_`),
  KEY `FK9371A6F13FD2B0E6` (`tutorAdvices_id_`),
  KEY `FK9371A6F1D4924470` (`teacher_id_`),
  CONSTRAINT `FK9371A6F1D4924470` FOREIGN KEY (`teacher_id_`) REFERENCES `teacher` (`id_`),
  CONSTRAINT `FK9371A6F13FD2B0E6` FOREIGN KEY (`tutorAdvices_id_`) REFERENCES `tutoradvice` (`id_`)
) ENGINE=InnoDB DEFAULT CHARSET=utf8;

-- ----------------------------
-- Records of teacher_tutoradvice
-- ----------------------------

-- ----------------------------
-- Table structure for teacher_vieweradvice
-- ----------------------------
DROP TABLE IF EXISTS `teacher_vieweradvice`;
CREATE TABLE `teacher_vieweradvice` (
  `teacher_id_` bigint(20) NOT NULL,
  `viewerAdvices_id_` bigint(20) NOT NULL,
  PRIMARY KEY (`teacher_id_`,`viewerAdvices_id_`),
  KEY `FKDE34C2E787F7B9CA` (`viewerAdvices_id_`),
  KEY `FKDE34C2E7D4924470` (`teacher_id_`),
  CONSTRAINT `FKDE34C2E7D4924470` FOREIGN KEY (`teacher_id_`) REFERENCES `teacher` (`id_`),
  CONSTRAINT `FKDE34C2E787F7B9CA` FOREIGN KEY (`viewerAdvices_id_`) REFERENCES `vieweradvice` (`id_`)
) ENGINE=InnoDB DEFAULT CHARSET=utf8;

-- ----------------------------
-- Records of teacher_vieweradvice
-- ----------------------------

-- ----------------------------
-- Table structure for thesisproposal
-- ----------------------------
DROP TABLE IF EXISTS `thesisproposal`;
CREATE TABLE `thesisproposal` (
  `id_` bigint(20) NOT NULL AUTO_INCREMENT,
  `start_date_` date DEFAULT NULL,
  `status_` int(11) DEFAULT NULL,
  `fifth_content_` text,
  `first_content_` text,
  `fourth_content_` text,
  `second_content_` text,
  `third_content_` text,
  `user_id_` bigint(20) DEFAULT NULL,
  `student_id_` bigint(20) DEFAULT NULL,
  `teacher_id_` bigint(20) DEFAULT NULL,
  `topic_id_` bigint(20) DEFAULT NULL,
  PRIMARY KEY (`id_`),
  KEY `FKBF169DDEC83E8594` (`user_id_`),
  KEY `FKBF169DDEE3C6DCA2` (`student_id_`),
  KEY `FKBF169DDED4924470` (`teacher_id_`),
  KEY `FKBF169DDE7838FE71` (`topic_id_`),
  CONSTRAINT `FKBF169DDE7838FE71` FOREIGN KEY (`topic_id_`) REFERENCES `topic` (`id_`),
  CONSTRAINT `FKBF169DDEC83E8594` FOREIGN KEY (`user_id_`) REFERENCES `user` (`id_`),
  CONSTRAINT `FKBF169DDED4924470` FOREIGN KEY (`teacher_id_`) REFERENCES `teacher` (`id_`),
  CONSTRAINT `FKBF169DDEE3C6DCA2` FOREIGN KEY (`student_id_`) REFERENCES `student` (`id_`)
) ENGINE=InnoDB DEFAULT CHARSET=utf8;

-- ----------------------------
-- Records of thesisproposal
-- ----------------------------

-- ----------------------------
-- Table structure for thesisscript
-- ----------------------------
DROP TABLE IF EXISTS `thesisscript`;
CREATE TABLE `thesisscript` (
  `id_` bigint(20) NOT NULL AUTO_INCREMENT,
  `start_date_` date DEFAULT NULL,
  `status_` int(11) DEFAULT NULL,
  `answer_` varchar(255) DEFAULT NULL,
  `file_name_` varchar(255) DEFAULT NULL,
  `last_script` int(11) DEFAULT NULL,
  `path_` varchar(255) DEFAULT NULL,
  `question_` varchar(255) DEFAULT NULL,
  `uuid_` varchar(255) DEFAULT NULL,
  `user_id_` bigint(20) DEFAULT NULL,
  `student_id_` bigint(20) DEFAULT NULL,
  `teacher_id_` bigint(20) DEFAULT NULL,
  `topic_id_` bigint(20) DEFAULT NULL,
  `viewer_id_` bigint(20) DEFAULT NULL,
  PRIMARY KEY (`id_`),
  KEY `FKE731CEB7C83E8594` (`user_id_`),
  KEY `FKE731CEB7E3C6DCA2` (`student_id_`),
  KEY `FKE731CEB7D4924470` (`teacher_id_`),
  KEY `FKE731CEB77838FE71` (`topic_id_`),
  KEY `FKE731CEB7213512A0` (`viewer_id_`),
  CONSTRAINT `FKE731CEB7213512A0` FOREIGN KEY (`viewer_id_`) REFERENCES `teacher` (`id_`),
  CONSTRAINT `FKE731CEB77838FE71` FOREIGN KEY (`topic_id_`) REFERENCES `topic` (`id_`),
  CONSTRAINT `FKE731CEB7C83E8594` FOREIGN KEY (`user_id_`) REFERENCES `user` (`id_`),
  CONSTRAINT `FKE731CEB7D4924470` FOREIGN KEY (`teacher_id_`) REFERENCES `teacher` (`id_`),
  CONSTRAINT `FKE731CEB7E3C6DCA2` FOREIGN KEY (`student_id_`) REFERENCES `student` (`id_`)
) ENGINE=InnoDB DEFAULT CHARSET=utf8;

-- ----------------------------
-- Records of thesisscript
-- ----------------------------

-- ----------------------------
-- Table structure for topic
-- ----------------------------
DROP TABLE IF EXISTS `topic`;
CREATE TABLE `topic` (
  `id_` bigint(20) NOT NULL AUTO_INCREMENT,
  `start_date_` date DEFAULT NULL,
  `status_` int(11) DEFAULT NULL,
  `level_` varchar(255) DEFAULT NULL,
  `old_or_new_` varchar(255) DEFAULT NULL,
  `origin_` varchar(255) DEFAULT NULL,
  `quality_` varchar(255) DEFAULT NULL,
  `topic_name_` varchar(255) DEFAULT NULL,
  `type_` varchar(255) DEFAULT NULL,
  `uuid` varchar(255) DEFAULT NULL,
  `user_id_` bigint(20) DEFAULT NULL,
  `student_id_` bigint(20) DEFAULT NULL,
  `teacher_id_` bigint(20) DEFAULT NULL,
  PRIMARY KEY (`id_`),
  KEY `FK696CD2FC83E8594` (`user_id_`),
  KEY `FK696CD2FE3C6DCA2` (`student_id_`),
  KEY `FK696CD2FD4924470` (`teacher_id_`),
  CONSTRAINT `FK696CD2FD4924470` FOREIGN KEY (`teacher_id_`) REFERENCES `teacher` (`id_`),
  CONSTRAINT `FK696CD2FC83E8594` FOREIGN KEY (`user_id_`) REFERENCES `user` (`id_`),
  CONSTRAINT `FK696CD2FE3C6DCA2` FOREIGN KEY (`student_id_`) REFERENCES `student` (`id_`)
) ENGINE=InnoDB DEFAULT CHARSET=utf8;

-- ----------------------------
-- Records of topic
-- ----------------------------

-- ----------------------------
-- Table structure for tutoradvice
-- ----------------------------
DROP TABLE IF EXISTS `tutoradvice`;
CREATE TABLE `tutoradvice` (
  `id_` bigint(20) NOT NULL AUTO_INCREMENT,
  `start_date_` date DEFAULT NULL,
  `status_` int(11) DEFAULT NULL,
  `agree_or_not` int(11) DEFAULT '1',
  `opinion_` varchar(255) DEFAULT NULL,
  `tutor_grade_` int(11) DEFAULT '0',
  `uuid_` varchar(255) DEFAULT NULL,
  `user_id_` bigint(20) DEFAULT NULL,
  `student_id_` bigint(20) DEFAULT NULL,
  `teacher_id_` bigint(20) DEFAULT NULL,
  `topic_id_` bigint(20) DEFAULT NULL,
  PRIMARY KEY (`id_`),
  KEY `FK5A003FCEC83E8594` (`user_id_`),
  KEY `FK5A003FCEE3C6DCA2` (`student_id_`),
  KEY `FK5A003FCED4924470` (`teacher_id_`),
  KEY `FK5A003FCE7838FE71` (`topic_id_`),
  CONSTRAINT `FK5A003FCE7838FE71` FOREIGN KEY (`topic_id_`) REFERENCES `topic` (`id_`),
  CONSTRAINT `FK5A003FCEC83E8594` FOREIGN KEY (`user_id_`) REFERENCES `user` (`id_`),
  CONSTRAINT `FK5A003FCED4924470` FOREIGN KEY (`teacher_id_`) REFERENCES `teacher` (`id_`),
  CONSTRAINT `FK5A003FCEE3C6DCA2` FOREIGN KEY (`student_id_`) REFERENCES `student` (`id_`)
) ENGINE=InnoDB DEFAULT CHARSET=utf8;

-- ----------------------------
-- Records of tutoradvice
-- ----------------------------

-- ----------------------------
-- Table structure for user
-- ----------------------------
DROP TABLE IF EXISTS `user`;
CREATE TABLE `user` (
  `id_` bigint(20) NOT NULL AUTO_INCREMENT,
  `password_` varchar(255) DEFAULT NULL,
  `real_name_` varchar(255) DEFAULT NULL,
  `user_name_` varchar(12) DEFAULT NULL,
  `user_type_` varchar(1) DEFAULT NULL,
  `uuid_` varchar(36) DEFAULT NULL,
  PRIMARY KEY (`id_`)
) ENGINE=InnoDB AUTO_INCREMENT=23 DEFAULT CHARSET=utf8;

-- ----------------------------
-- Records of user
-- ----------------------------
INSERT INTO `user` VALUES ('1', 'D41D8CD98F00B204E9800998ECF8427E', '', 'admin', '2', null);
INSERT INTO `user` VALUES ('2', 'D41D8CD98F00B204E9800998ECF8427E', '', '08067', '2', '8af400c8-b8f7-4bec-887e-5510f22fb3e1');
INSERT INTO `user` VALUES ('3', 'D41D8CD98F00B204E9800998ECF8427E', '', '08036', '2', 'd6cfbb78-2b47-49ac-8007-1dbad3840ebf');
INSERT INTO `user` VALUES ('4', 'D41D8CD98F00B204E9800998ECF8427E', '', '08066', '2', '2df98d4e-129d-405e-853f-152b929bfba8');
INSERT INTO `user` VALUES ('5', 'D41D8CD98F00B204E9800998ECF8427E', '', '08191', '2', '501d2579-e3f7-48e2-96e4-5a352fcbe468');
INSERT INTO `user` VALUES ('6', 'D41D8CD98F00B204E9800998ECF8427E', '', '08207', '2', '9385998a-11b4-4833-b4f6-a616e81855be');
INSERT INTO `user` VALUES ('7', 'D41D8CD98F00B204E9800998ECF8427E', '', '08206', '2', '7c3a980a-b458-41d9-82fc-b77a22b65b64');
INSERT INTO `user` VALUES ('8', 'D41D8CD98F00B204E9800998ECF8427E', '', '08082', '2', '675179e5-be87-4d3c-86cd-cc202547d745');
INSERT INTO `user` VALUES ('9', 'D41D8CD98F00B204E9800998ECF8427E', '', '08086', '2', '4f6f2967-bc4d-4156-8cbc-2c7f52f99677');
INSERT INTO `user` VALUES ('10', 'D41D8CD98F00B204E9800998ECF8427E', '', '08121', '2', '0f5cd1c1-6844-49be-8ccc-385aa7a2a594');
INSERT INTO `user` VALUES ('11', 'D41D8CD98F00B204E9800998ECF8427E', '', '15029', '2', '049bbec1-0df2-4bd9-ae64-fe657ba3d936');
INSERT INTO `user` VALUES ('12', 'D41D8CD98F00B204E9800998ECF8427E', '', '08081', '2', 'a226942f-d686-4877-8562-eaeba470af87');
INSERT INTO `user` VALUES ('13', 'D41D8CD98F00B204E9800998ECF8427E', '', '08119', '2', '28ff689b-ffb6-4b4e-bd05-9a1c8d14563e');
INSERT INTO `user` VALUES ('14', 'D41D8CD98F00B204E9800998ECF8427E', '', '100802011016', '1', 'd942a83f-9441-43d2-aade-0e5488c161f9');
INSERT INTO `user` VALUES ('15', 'D41D8CD98F00B204E9800998ECF8427E', '', '100802011017', '1', '7f64ba48-c95a-4baf-a6ad-3c99263feda7');
INSERT INTO `user` VALUES ('16', 'D41D8CD98F00B204E9800998ECF8427E', '', '100802011018', '1', 'd632e3f7-28dd-4929-8db0-e458f802303e');
INSERT INTO `user` VALUES ('17', 'D41D8CD98F00B204E9800998ECF8427E', '', '100802011019', '1', 'eade0560-17b9-4dd4-beac-98c7f6ffe1af');
INSERT INTO `user` VALUES ('18', 'D41D8CD98F00B204E9800998ECF8427E', '', '100802011020', '1', '69f4cab6-3601-4ad0-91a5-4e308ca6cbbb');
INSERT INTO `user` VALUES ('19', 'D41D8CD98F00B204E9800998ECF8427E', '', '100802011021', '1', '535b8966-e916-4367-96c4-855f4b7f49b8');
INSERT INTO `user` VALUES ('20', 'D41D8CD98F00B204E9800998ECF8427E', '', '100802011022', '1', 'c8d0dfdd-f2bd-46be-8fac-ce14b80aae91');
INSERT INTO `user` VALUES ('21', 'D41D8CD98F00B204E9800998ECF8427E', '', '100802011023', '1', 'af9d58c1-cefd-4cdf-842f-644f8802acb8');
INSERT INTO `user` VALUES ('22', 'D41D8CD98F00B204E9800998ECF8427E', '', '100802011024', '1', '80225154-3462-456e-9637-476407a56d0b');

-- ----------------------------
-- Table structure for vieweradvice
-- ----------------------------
DROP TABLE IF EXISTS `vieweradvice`;
CREATE TABLE `vieweradvice` (
  `id_` bigint(20) NOT NULL AUTO_INCREMENT,
  `start_date_` date DEFAULT NULL,
  `status_` int(11) DEFAULT NULL,
  `agree_or_not` int(11) DEFAULT NULL,
  `opinion_` varchar(255) DEFAULT NULL,
  `uuid_` varchar(255) DEFAULT NULL,
  `viewer_grade_` int(11) DEFAULT NULL,
  `user_id_` bigint(20) DEFAULT NULL,
  `student_id_` bigint(20) DEFAULT NULL,
  `teacher_id_` bigint(20) DEFAULT NULL,
  `topic_id_` bigint(20) DEFAULT NULL,
  PRIMARY KEY (`id_`),
  KEY `FKE97945AAC83E8594` (`user_id_`),
  KEY `FKE97945AAE3C6DCA2` (`student_id_`),
  KEY `FKE97945AAD4924470` (`teacher_id_`),
  KEY `FKE97945AA7838FE71` (`topic_id_`),
  CONSTRAINT `FKE97945AA7838FE71` FOREIGN KEY (`topic_id_`) REFERENCES `topic` (`id_`),
  CONSTRAINT `FKE97945AAC83E8594` FOREIGN KEY (`user_id_`) REFERENCES `user` (`id_`),
  CONSTRAINT `FKE97945AAD4924470` FOREIGN KEY (`teacher_id_`) REFERENCES `teacher` (`id_`),
  CONSTRAINT `FKE97945AAE3C6DCA2` FOREIGN KEY (`student_id_`) REFERENCES `student` (`id_`)
) ENGINE=InnoDB DEFAULT CHARSET=utf8;

-- ----------------------------
-- Records of vieweradvice
-- ----------------------------

-- ----------------------------
-- Table structure for wish
-- ----------------------------
DROP TABLE IF EXISTS `wish`;
CREATE TABLE `wish` (
  `id_` bigint(20) NOT NULL AUTO_INCREMENT,
  `first_result_uuid_` varchar(36) DEFAULT NULL,
  `first_teacher_uuid_` varchar(36) DEFAULT NULL,
  `second_result_uuid_` varchar(36) DEFAULT NULL,
  `second_teacher_uuid_` varchar(36) DEFAULT NULL,
  `third_result_uuid_` varchar(36) DEFAULT NULL,
  `third_teacher_uuid_` varchar(36) DEFAULT NULL,
  `student_uuid_` varchar(36) DEFAULT NULL,
  PRIMARY KEY (`id_`)
) ENGINE=InnoDB AUTO_INCREMENT=4 DEFAULT CHARSET=utf8;

-- ----------------------------
-- Records of wish
-- ----------------------------
INSERT INTO `wish` VALUES ('1', '8af400c8-b8f7-4bec-887e-5510f22fb3e1', '8af400c8-b8f7-4bec-887e-5510f22fb3e1', '0', 'd6cfbb78-2b47-49ac-8007-1dbad3840ebf', '0', '2df98d4e-129d-405e-853f-152b929bfba8', 'd942a83f-9441-43d2-aade-0e5488c161f9');
INSERT INTO `wish` VALUES ('2', '0', '8af400c8-b8f7-4bec-887e-5510f22fb3e1', '2df98d4e-129d-405e-853f-152b929bfba8', '2df98d4e-129d-405e-853f-152b929bfba8', '0', 'd6cfbb78-2b47-49ac-8007-1dbad3840ebf', '7f64ba48-c95a-4baf-a6ad-3c99263feda7');
INSERT INTO `wish` VALUES ('3', 'd6cfbb78-2b47-49ac-8007-1dbad3840ebf', 'd6cfbb78-2b47-49ac-8007-1dbad3840ebf', '0', '2df98d4e-129d-405e-853f-152b929bfba8', '0', '8af400c8-b8f7-4bec-887e-5510f22fb3e1', 'd632e3f7-28dd-4929-8db0-e458f802303e');
